0,A N Medicos,(0172) 2569359,https://www.medicineindia.org/pharmacy-chemist-drugstore-details/15116/a-n-medicos
1,A One Medical Centre,(0172) 5078760,https://www.medicineindia.org/pharmacy-chemist-drugstore-details/15204/a-one-medical-centre
2,APOLLO PHARMACY,(0172) 5074771,https://www.medicineindia.org/pharmacy-chemist-drugstore-details/14918/apollo-pharmacy
3,Aar Ess Medicose,(0172) 2551350,https://www.medicineindia.org/pharmacy-chemist-drugstore-details/15170/aar-ess-medicose
4,Aashna Medical Store,9814884145,https://www.medicineindia.org/pharmacy-chemist-drugstore-details/15274/aashna-medical-store
5,Aastha Medical Store,(0172) 5012268,https://www.medicineindia.org/pharmacy-chemist-drugstore-details/15071/aastha-medical-store
6,Abhi Enterprises,(0172) 4654246,https://www.medicineindia.org/pharmacy-chemist-drugstore-details/14930/abhi-enterprises
7,Abnm Medical Store,9256204918,https://www.medicineindia.org/pharmacy-chemist-drugstore-details/15340/abnm-medical-store
8,Abnm Medical Store,9876379309,https://www.medicineindia.org/pharmacy-chemist-drugstore-details/15343/abnm-medical-store
9,Agarwal Medical Store,(0172) 2261250,https://www.medicineindia.org/pharmacy-chemist-drugstore-details/15247/agarwal-medical-store
10,Akarsh Meditech PVT LTD,(0172) 2725175,https://www.medicineindia.org/pharmacy-chemist-drugstore-details/15211/akarsh-meditech-pvt-ltd
11,Akash Medicos,(0172) 2283503,https://www.medicineindia.org/pharmacy-chemist-drugstore-details/15285/akash-medicos
12,All Well Medicose,(0172) 2581258,https://www.medicineindia.org/pharmacy-chemist-drugstore-details/14981/all-well-medicose
13,Aman Medicos,(0172) 2690094,https://www.medicineindia.org/pharmacy-chemist-drugstore-details/15061/aman-medicos
14,Amar Sales,(0172) 2615360,https://www.medicineindia.org/pharmacy-chemist-drugstore-details/14962/amar-sales
15,Amaxy Laboratories,(0172) 2280040,https://www.medicineindia.org/pharmacy-chemist-drugstore-details/15337/amaxy-laboratories
16,Anand Chemist,(0172) 4625415,https://www.medicineindia.org/pharmacy-chemist-drugstore-details/14973/anand-chemist
17,Anand Chemists,(0172) 2686727,https://www.medicineindia.org/pharmacy-chemist-drugstore-details/15153/anand-chemists
18,Anand Medical Hall,(0172) 2653718,https://www.medicineindia.org/pharmacy-chemist-drugstore-details/15259/anand-medical-hall
19,Anand Medical Store,(0172) 2725066,https://www.medicineindia.org/pharmacy-chemist-drugstore-details/15034/anand-medical-store
20,Anand Medicos,(0172) 2616423,https://www.medicineindia.org/pharmacy-chemist-drugstore-details/14952/anand-medicos
21,Anand Medicos,9815780084,https://www.medicineindia.org/pharmacy-chemist-drugstore-details/15093/anand-medicos
22,Anand Medicos Sec Twenty,(0172) 2700346,https://www.medicineindia.org/pharmacy-chemist-drugstore-details/15193/anand-medicos-sec-twenty
23,Anand Medihub,9988898879,https://www.medicineindia.org/pharmacy-chemist-drugstore-details/15181/anand-medihub
24,Anand Pharma,(0172) 5009167,https://www.medicineindia.org/pharmacy-chemist-drugstore-details/15214/anand-pharma
25,Anand Pharma Needs,(0172) 5017275,https://www.medicineindia.org/pharmacy-chemist-drugstore-details/14994/anand-pharma-needs
26,Anil & Co Chemists,(0172) 5007884,https://www.medicineindia.org/pharmacy-chemist-drugstore-details/14895/anil-co-chemists
27,Anil Chemicals,(0172) 5010432,https://www.medicineindia.org/pharmacy-chemist-drugstore-details/14908/anil-chemicals
28,Anil Distributors,(0172) 5019047,https://www.medicineindia.org/pharmacy-chemist-drugstore-details/15333/anil-distributors
29,Anil Medical Hall,(0172) 5019209,https://www.medicineindia.org/pharmacy-chemist-drugstore-details/14904/anil-medical-hall
30,Anil chemists,(0172) 2561110,https://www.medicineindia.org/pharmacy-chemist-drugstore-details/14917/anil-chemists
31,Anmol Medicos,7837908722,https://www.medicineindia.org/pharmacy-chemist-drugstore-details/15342/anmol-medicos
32,Anupam Pharma,(0172) 2651044,https://www.medicineindia.org/pharmacy-chemist-drugstore-details/15329/anupam-pharma
33,Anupama Pharma,(0172) 2651044,https://www.medicineindia.org/pharmacy-chemist-drugstore-details/15195/anupama-pharma
34,Apollo Pharmacy,(0172) 5017225,https://www.medicineindia.org/pharmacy-chemist-drugstore-details/14886/apollo-pharmacy
35,Apollo Pharmacy,(0172) 5064680,https://www.medicineindia.org/pharmacy-chemist-drugstore-details/14888/apollo-pharmacy
36,Apollo Pharmacy,(0172) 5093279,https://www.medicineindia.org/pharmacy-chemist-drugstore-details/14891/apollo-pharmacy
37,Apollo Pharmacy,(0172) 5011362,https://www.medicineindia.org/pharmacy-chemist-drugstore-details/14896/apollo-pharmacy
38,Apollo Pharmacy,(0172) 2585579,https://www.medicineindia.org/pharmacy-chemist-drugstore-details/14905/apollo-pharmacy
39,Apollo Pharmacy,(0172) 5017225,https://www.medicineindia.org/pharmacy-chemist-drugstore-details/14911/apollo-pharmacy
40,Apollo Pharmacy,(0172) 5074770,https://www.medicineindia.org/pharmacy-chemist-drugstore-details/14942/apollo-pharmacy
41,Apollo Pharmacy,(0172) 5093279,https://www.medicineindia.org/pharmacy-chemist-drugstore-details/14966/apollo-pharmacy
42,Apollo Pharmacy Limited Enterprises,(0172) 5098733,https://www.medicineindia.org/pharmacy-chemist-drugstore-details/14900/apollo-pharmacy-limited-enterprises
43,Apollo pharmacy,(0172) 2568414,https://www.medicineindia.org/pharmacy-chemist-drugstore-details/14929/apollo-pharmacy
44,Arogya Medi Shop,9815620088,https://www.medicineindia.org/pharmacy-chemist-drugstore-details/15186/arogya-medi-shop
45,Arogya Medical,(0172) 5005088,https://www.medicineindia.org/pharmacy-chemist-drugstore-details/15197/arogya-medical
46,Aroma Chandigarh,9872312847,https://www.medicineindia.org/pharmacy-chemist-drugstore-details/15134/aroma-chandigarh
47,Arora Medical Centre,(0172) 2794155,https://www.medicineindia.org/pharmacy-chemist-drugstore-details/15137/arora-medical-centre
48,Arora Medicine Centre,9988407458,https://www.medicineindia.org/pharmacy-chemist-drugstore-details/15303/arora-medicine-centre
49,Arun Tokhi,(0172) 2597413,https://www.medicineindia.org/pharmacy-chemist-drugstore-details/15097/arun-tokhi
50,Ashish Medical Store,(0172) 2721241,https://www.medicineindia.org/pharmacy-chemist-drugstore-details/15370/ashish-medical-store
51,Ashley Businesses,(0172) 2705103,https://www.medicineindia.org/pharmacy-chemist-drugstore-details/15265/ashley-businesses
52,Ashoka Medical Store,(0172) 2602770,https://www.medicineindia.org/pharmacy-chemist-drugstore-details/15313/ashoka-medical-store
53,Avante Medical,(0172) 5012500,https://www.medicineindia.org/pharmacy-chemist-drugstore-details/15283/avante-medical
54,Bajaj ENT Sec Seventeen,(0172) 2707551,https://www.medicineindia.org/pharmacy-chemist-drugstore-details/15267/bajaj-ent-sec-seventeen
55,Balak Medicos,(0172) 5060278,https://www.medicineindia.org/pharmacy-chemist-drugstore-details/14960/balak-medicos
56,Bangi Homoeo Clinic,(0172) 2658220,https://www.medicineindia.org/pharmacy-chemist-drugstore-details/15189/bangi-homoeo-clinic
57,Bansal Medical Hall,(0172) 2548593,https://www.medicineindia.org/pharmacy-chemist-drugstore-details/15279/bansal-medical-hall
58,Bansal Medical Store,(0172) 5082391,https://www.medicineindia.org/pharmacy-chemist-drugstore-details/15072/bansal-medical-store
59,Bansal Medical Store,(0172) 2567557,https://www.medicineindia.org/pharmacy-chemist-drugstore-details/15115/bansal-medical-store
60,Bansal Medicos,(0172) 2608544,https://www.medicineindia.org/pharmacy-chemist-drugstore-details/14965/bansal-medicos
61,Batra Pharmaceutical Distributors,(0172) 2667877,https://www.medicineindia.org/pharmacy-chemist-drugstore-details/15083/batra-pharmaceutical-distributors
62,Beghal Medical & Surgical Centre,(0172) 2774218,https://www.medicineindia.org/pharmacy-chemist-drugstore-details/15087/beghal-medical-surgical-centre
63,Behgal Cancer Centre,(0172) 2220026,https://www.medicineindia.org/pharmacy-chemist-drugstore-details/15015/behgal-cancer-centre
64,Bhajni Pharmacy,(0172) 2587160,https://www.medicineindia.org/pharmacy-chemist-drugstore-details/15123/bhajni-pharmacy
65,Bharati Pharmaceuticals,(0172) 2644824,https://www.medicineindia.org/pharmacy-chemist-drugstore-details/15323/bharati-pharmaceuticals
66,Bhardwaj Clinic,(0172) 2609439,https://www.medicineindia.org/pharmacy-chemist-drugstore-details/15055/bhardwaj-clinic
67,Bharti Medical Hall,(0172) 2564722,https://www.medicineindia.org/pharmacy-chemist-drugstore-details/15023/bharti-medical-hall
68,Bimla Medicose,(0172) 2950504,https://www.medicineindia.org/pharmacy-chemist-drugstore-details/15099/bimla-medicose
69,Bio Distributors,(0172) 2708190,https://www.medicineindia.org/pharmacy-chemist-drugstore-details/15201/bio-distributors
70,Biotech Lefe Care,(0172) 3064200,https://www.medicineindia.org/pharmacy-chemist-drugstore-details/15218/biotech-lefe-care
71,Bobby Medical Hall,(0172) 2270018,https://www.medicineindia.org/pharmacy-chemist-drugstore-details/15287/bobby-medical-hall
72,Bobby Medical Store,9855128435,https://www.medicineindia.org/pharmacy-chemist-drugstore-details/15339/bobby-medical-store
73,CHOUDHARY MED. SHOPEE,9914597968,https://www.medicineindia.org/pharmacy-chemist-drugstore-details/15258/choudhary-med-shopee
74,Cannon Pharma Distributors,(0172) 3045877,https://www.medicineindia.org/pharmacy-chemist-drugstore-details/15266/cannon-pharma-distributors
75,Capital Medical Store,(0172) 2721760,https://www.medicineindia.org/pharmacy-chemist-drugstore-details/14923/capital-medical-store
76,Capital Medical Store,(0172) 5062608,https://www.medicineindia.org/pharmacy-chemist-drugstore-details/15304/capital-medical-store
77,Capital Medicos,(0172) 2576522,https://www.medicineindia.org/pharmacy-chemist-drugstore-details/15101/capital-medicos
78,Capital Medicos,(0172) 5074345,https://www.medicineindia.org/pharmacy-chemist-drugstore-details/15161/capital-medicos
79,Capital Medicos,9855061260,https://www.medicineindia.org/pharmacy-chemist-drugstore-details/15256/capital-medicos
80,Cardio Medical Devices,(0172) 4664875,https://www.medicineindia.org/pharmacy-chemist-drugstore-details/15059/cardio-medical-devices
81,Chabra Clinic,(0172) 2651777,https://www.medicineindia.org/pharmacy-chemist-drugstore-details/14926/chabra-clinic
82,Chandigarh Medical & Departmental S...,(0172) 2743206,https://www.medicineindia.org/pharmacy-chemist-drugstore-details/14975/chandigarh-medical-departmental-s
83,Chandigarh Medical Hall,(0172) 2781875,https://www.medicineindia.org/pharmacy-chemist-drugstore-details/14921/chandigarh-medical-hall
84,Chandigarh Medical Store,9501676633,https://www.medicineindia.org/pharmacy-chemist-drugstore-details/14932/chandigarh-medical-store
85,Chandigarh Medicine Centre,(0172) 2749592,https://www.medicineindia.org/pharmacy-chemist-drugstore-details/15263/chandigarh-medicine-centre
86,Chandigarh Medicine Centre(CMC),(0172) 5052962,https://www.medicineindia.org/pharmacy-chemist-drugstore-details/15070/chandigarh-medicine-centrecmc
87,Chandigarh Medicine Traders,(0172) 5088501,https://www.medicineindia.org/pharmacy-chemist-drugstore-details/15031/chandigarh-medicine-traders
88,Chandigarh medicos,9814902188,https://www.medicineindia.org/pharmacy-chemist-drugstore-details/15016/chandigarh-medicos
89,Chaudhary Chemists,(0172) 3048728,https://www.medicineindia.org/pharmacy-chemist-drugstore-details/14946/chaudhary-chemists
90,Chaudhary Med Shopee,(0172) 4628935,https://www.medicineindia.org/pharmacy-chemist-drugstore-details/14977/chaudhary-med-shopee
91,Chauhan Medicos,(0172) 5018414,https://www.medicineindia.org/pharmacy-chemist-drugstore-details/15262/chauhan-medicos
92,Chhabra Medical Store,(0172) 2690333,https://www.medicineindia.org/pharmacy-chemist-drugstore-details/15147/chhabra-medical-store
93,Chief Medical Agency,(0172) 2627294,https://www.medicineindia.org/pharmacy-chemist-drugstore-details/14990/chief-medical-agency
94,Chief Medicos,(0172) 3255164,https://www.medicineindia.org/pharmacy-chemist-drugstore-details/15173/chief-medicos
95,Child Care Chemist,9216245300,https://www.medicineindia.org/pharmacy-chemist-drugstore-details/15249/child-care-chemist
96,Childrens Hospital,(0172) 4019999,https://www.medicineindia.org/pharmacy-chemist-drugstore-details/14890/childrens-hospital
97,Choudhary Medicos,(0172) 2548916,https://www.medicineindia.org/pharmacy-chemist-drugstore-details/14884/choudhary-medicos
98,Choudhary Medicose,(0172) 5092473,https://www.medicineindia.org/pharmacy-chemist-drugstore-details/15008/choudhary-medicose
99,Cipla LTD,(0172) 5005193,https://www.medicineindia.org/pharmacy-chemist-drugstore-details/14893/cipla-ltd
100,City Chemist,(0172) 2652613,https://www.medicineindia.org/pharmacy-chemist-drugstore-details/15112/city-chemist
101,City Chemists,(0172) 2652613,https://www.medicineindia.org/pharmacy-chemist-drugstore-details/15043/city-chemists
102,City Medical Store,(0172) 2622622,https://www.medicineindia.org/pharmacy-chemist-drugstore-details/15364/city-medical-store
103,City Medical Store,(0172) 4020828,https://www.medicineindia.org/pharmacy-chemist-drugstore-details/15369/city-medical-store
104,City Medicos,(0172) 2232276,https://www.medicineindia.org/pharmacy-chemist-drugstore-details/15040/city-medicos
105,City Medicos,(0172) 5000307,https://www.medicineindia.org/pharmacy-chemist-drugstore-details/15165/city-medicos
106,City hospital cureage,8727040015,https://www.medicineindia.org/pharmacy-chemist-drugstore-details/15020/city-hospital-cureage
107,City medicos,(0172) 5095960,https://www.medicineindia.org/pharmacy-chemist-drugstore-details/14901/city-medicos
108,City medicos,(0172) 2587066,https://www.medicineindia.org/pharmacy-chemist-drugstore-details/14916/city-medicos
109,Consumer Medical Hall,(0172) 2747220,https://www.medicineindia.org/pharmacy-chemist-drugstore-details/14998/consumer-medical-hall
110,Continental Pharmaceutical,(0141) 2338546,https://www.medicineindia.org/pharmacy-chemist-drugstore-details/15124/continental-pharmaceutical
111,Cosmic Medical Systems,(0172) 3228244,https://www.medicineindia.org/pharmacy-chemist-drugstore-details/15065/cosmic-medical-systems
112,Cureway Agencies,(0172) 5086008,https://www.medicineindia.org/pharmacy-chemist-drugstore-details/14982/cureway-agencies
113,DR Ashok Narang,(0172) 2595592,https://www.medicineindia.org/pharmacy-chemist-drugstore-details/15162/dr-ashok-narang
114,DR Naresh Mittal,(0172) 2561234,https://www.medicineindia.org/pharmacy-chemist-drugstore-details/15014/dr-naresh-mittal
115,DUA Medical Hall,(0172) 2664591,https://www.medicineindia.org/pharmacy-chemist-drugstore-details/15141/dua-medical-hall
116,Daynight Chemists,(0172) 2749597,https://www.medicineindia.org/pharmacy-chemist-drugstore-details/15264/daynight-chemists
117,Deep Medisons,(0172) 2700251,https://www.medicineindia.org/pharmacy-chemist-drugstore-details/15047/deep-medisons
118,Deepak Medicals,(0172) 2776943,https://www.medicineindia.org/pharmacy-chemist-drugstore-details/15222/deepak-medicals
119,Deepak Medicos,9872328661,https://www.medicineindia.org/pharmacy-chemist-drugstore-details/15238/deepak-medicos
120,Dent Surge,(0172) 2777227,https://www.medicineindia.org/pharmacy-chemist-drugstore-details/15152/dent-surge
121,Dewan Medicos,(0172) 2660043,https://www.medicineindia.org/pharmacy-chemist-drugstore-details/15151/dewan-medicos
122,Deyal Medical Hall,(0172) 2701950,https://www.medicineindia.org/pharmacy-chemist-drugstore-details/15210/deyal-medical-hall
123,Dhaliwal Medical Hall,(0172) 2611645,https://www.medicineindia.org/pharmacy-chemist-drugstore-details/15353/dhaliwal-medical-hall
124,Dhingra Medicos & Cosmetics,(0172) 5013536,https://www.medicineindia.org/pharmacy-chemist-drugstore-details/15167/dhingra-medicos-cosmetics
125,Dr Jasbir Singh Dhody,(0172) 2600432,https://www.medicineindia.org/pharmacy-chemist-drugstore-details/15219/dr-jasbir-singh-dhody
126,Dr Jasmer Singh Hospital,(0172) 2670200,https://www.medicineindia.org/pharmacy-chemist-drugstore-details/15104/dr-jasmer-singh-hospital
127,Dr Lormans Homeopathic Assoc Pvt Ltd,(0172) 2565080,https://www.medicineindia.org/pharmacy-chemist-drugstore-details/15035/dr-lormans-homeopathic-assoc-pvt-ltd
128,Duggal Homeo Store,(0172) 2710121,https://www.medicineindia.org/pharmacy-chemist-drugstore-details/14887/duggal-homeo-store
129,Dukh Nibaran Medicose,9914814380,https://www.medicineindia.org/pharmacy-chemist-drugstore-details/15350/dukh-nibaran-medicose
130,Dwivedi Medical Store,9988087958,https://www.medicineindia.org/pharmacy-chemist-drugstore-details/15289/dwivedi-medical-store
131,EHH BHH Medicose,(0172) 2726220,https://www.medicineindia.org/pharmacy-chemist-drugstore-details/15232/ehh-bhh-medicose
132,ESS VEE Medicos,(0172) 2541163,https://www.medicineindia.org/pharmacy-chemist-drugstore-details/15074/ess-vee-medicos
133,Emergent Pharma(p) ltd.,(0172) 5029888,https://www.medicineindia.org/pharmacy-chemist-drugstore-details/15096/emergent-pharmap-ltd
134,Emm KAY Medicose,(0172) 2728828,https://www.medicineindia.org/pharmacy-chemist-drugstore-details/15310/emm-kay-medicose
135,Emmkay Medicos,(0172) 2703150,https://www.medicineindia.org/pharmacy-chemist-drugstore-details/15253/emmkay-medicos
136,Enkay Agencies,(0172) 5019091,https://www.medicineindia.org/pharmacy-chemist-drugstore-details/15084/enkay-agencies
137,Erbis Engg Co Ltd,(0172) 2604463,https://www.medicineindia.org/pharmacy-chemist-drugstore-details/15321/erbis-engg-co-ltd
138,Ess pee medicos,9872346710,https://www.medicineindia.org/pharmacy-chemist-drugstore-details/14898/ess-pee-medicos
139,Eye 2 Eye,(0172) 5075308,https://www.medicineindia.org/pharmacy-chemist-drugstore-details/14906/eye-2-eye
140,Farid Medicose,(0172) 2665934,https://www.medicineindia.org/pharmacy-chemist-drugstore-details/14988/farid-medicose
141,Friends Medicos,9876254753,https://www.medicineindia.org/pharmacy-chemist-drugstore-details/15282/friends-medicos
142,G D Medicos,(0172) 5035003,https://www.medicineindia.org/pharmacy-chemist-drugstore-details/15338/g-d-medicos
143,G M Medical & Surgicals,(0172) 5089442,https://www.medicineindia.org/pharmacy-chemist-drugstore-details/15359/g-m-medical-surgicals
144,G M Tech Inc,9417203233,https://www.medicineindia.org/pharmacy-chemist-drugstore-details/15248/g-m-tech-inc
145,G.K.M. Medicos,(0172) 2721802,https://www.medicineindia.org/pharmacy-chemist-drugstore-details/15182/gkm-medicos
146,Ganesh Medical Hall,(0172) 2584301,https://www.medicineindia.org/pharmacy-chemist-drugstore-details/15177/ganesh-medical-hall
147,Ganesh Medical Store,(0172) 2555453,https://www.medicineindia.org/pharmacy-chemist-drugstore-details/15169/ganesh-medical-store
148,Ganga Medical Hall,9876164609,https://www.medicineindia.org/pharmacy-chemist-drugstore-details/15255/ganga-medical-hall
149,Ganga Medical Store,(0172) 2640786,https://www.medicineindia.org/pharmacy-chemist-drugstore-details/15192/ganga-medical-store
150,Ganga Medicos,(0172) 2591674,https://www.medicineindia.org/pharmacy-chemist-drugstore-details/15301/ganga-medicos
151,Gautam Brothers Medical & Surgical Store...,(0172) 5005746,https://www.medicineindia.org/pharmacy-chemist-drugstore-details/15240/gautam-brothers-medical-surgical-store
152,Gautam Medicos,(0172) 5002996,https://www.medicineindia.org/pharmacy-chemist-drugstore-details/15154/gautam-medicos
153,Getwell Medicos,(0172) 5045001,https://www.medicineindia.org/pharmacy-chemist-drugstore-details/15049/getwell-medicos
154,Gill Medical Store,(0172) 2630399,https://www.medicineindia.org/pharmacy-chemist-drugstore-details/15235/gill-medical-store
155,Gopal Medical Stores,(0172) 2701959,https://www.medicineindia.org/pharmacy-chemist-drugstore-details/15212/gopal-medical-stores
156,Gosain Medicos,(0172) 5007090,https://www.medicineindia.org/pharmacy-chemist-drugstore-details/15046/gosain-medicos
157,Goyal Medicos,(0172) 5060027,https://www.medicineindia.org/pharmacy-chemist-drugstore-details/15085/goyal-medicos
158,Goyal Pharma,(0172) 2698481,https://www.medicineindia.org/pharmacy-chemist-drugstore-details/15246/goyal-pharma
159,Grover & Sons,(0172) 2733245,https://www.medicineindia.org/pharmacy-chemist-drugstore-details/15013/grover-sons
160,Gulati Medicos,(0172) 5075948,https://www.medicineindia.org/pharmacy-chemist-drugstore-details/15144/gulati-medicos
161,Gupta Agencies,(0172) 27774811,https://www.medicineindia.org/pharmacy-chemist-drugstore-details/14907/gupta-agencies
162,Gupta Medical Hall,(0172) 2730396,https://www.medicineindia.org/pharmacy-chemist-drugstore-details/15001/gupta-medical-hall
163,Gupta Medical Store,(0172) 5076184,https://www.medicineindia.org/pharmacy-chemist-drugstore-details/14936/gupta-medical-store
164,Gupta Medical Store,(0160) 247104,https://www.medicineindia.org/pharmacy-chemist-drugstore-details/15122/gupta-medical-store
165,Gupta Medical Store,(0172) 5076181,https://www.medicineindia.org/pharmacy-chemist-drugstore-details/15220/gupta-medical-store
166,Gupta Medicos,(0172) 2722344,https://www.medicineindia.org/pharmacy-chemist-drugstore-details/14976/gupta-medicos
167,Gupta Medicos,(0172) 2564426,https://www.medicineindia.org/pharmacy-chemist-drugstore-details/15100/gupta-medicos
168,Gupta Medicos,(0172) 3099993,https://www.medicineindia.org/pharmacy-chemist-drugstore-details/15149/gupta-medicos
169,Gupta Medicos,(0172) 2722344,https://www.medicineindia.org/pharmacy-chemist-drugstore-details/15180/gupta-medicos
170,Gupta Medicos,(0172) 2627327,https://www.medicineindia.org/pharmacy-chemist-drugstore-details/15368/gupta-medicos
171,Gupta Medicos Dadu Majra,9855383738,https://www.medicineindia.org/pharmacy-chemist-drugstore-details/15273/gupta-medicos-dadu-majra
172,Guru Nanak Medical Hall,(0172) 2148018,https://www.medicineindia.org/pharmacy-chemist-drugstore-details/15166/guru-nanak-medical-hall
173,Guru Nanak Medicos Pvt Ltd,(0172) 5007085,https://www.medicineindia.org/pharmacy-chemist-drugstore-details/14914/guru-nanak-medicos-pvt-ltd
174,Gurukripa Medicos,9878841888,https://www.medicineindia.org/pharmacy-chemist-drugstore-details/15207/gurukripa-medicos
175,Halcyon Distributor,(0172) 5045656,https://www.medicineindia.org/pharmacy-chemist-drugstore-details/15361/halcyon-distributor
176,Happy Anand Chemist,(0172) 2640180,https://www.medicineindia.org/pharmacy-chemist-drugstore-details/15131/happy-anand-chemist
177,Happy Anand Chemists,9876128148,https://www.medicineindia.org/pharmacy-chemist-drugstore-details/15228/happy-anand-chemists
178,Health Line Chemists,(0172) 2770044,https://www.medicineindia.org/pharmacy-chemist-drugstore-details/15336/health-line-chemists
179,Healthy Joints,9729040504,https://www.medicineindia.org/pharmacy-chemist-drugstore-details/15284/healthy-joints
180,Himachal Medical Store,9216934777,https://www.medicineindia.org/pharmacy-chemist-drugstore-details/15251/himachal-medical-store
181,Himachal Medical Store,9216834777,https://www.medicineindia.org/pharmacy-chemist-drugstore-details/15291/himachal-medical-store
182,Hira Medica Store,(0172) 2725429,https://www.medicineindia.org/pharmacy-chemist-drugstore-details/15037/hira-medica-store
183,Hira Medical Store,(0172) 5009122,https://www.medicineindia.org/pharmacy-chemist-drugstore-details/15033/hira-medical-store
184,Hitech Mktg,(0172) 2774009,https://www.medicineindia.org/pharmacy-chemist-drugstore-details/15295/hitech-mktg
185,Holly Drugs PVT LTD.,(0172) 5085920,https://www.medicineindia.org/pharmacy-chemist-drugstore-details/15156/holly-drugs-pvt-ltd
186,Homeo World,(0172) 2569999,https://www.medicineindia.org/pharmacy-chemist-drugstore-details/14953/homeo-world
187,Homoeo Pharmacy,(0172) 2720217,https://www.medicineindia.org/pharmacy-chemist-drugstore-details/15217/homoeo-pharmacy
188,Hospital Medical & Surgical,(0172) 2543806,https://www.medicineindia.org/pharmacy-chemist-drugstore-details/15048/hospital-medical-surgical
189,Hospital Suppliers,(0172) 2770345,https://www.medicineindia.org/pharmacy-chemist-drugstore-details/15060/hospital-suppliers
190,INDE MAX IMAGING CO,(0172) 2641926,https://www.medicineindia.org/pharmacy-chemist-drugstore-details/15127/inde-max-imaging-co
191,Inder Surgical,(0172) 2781563,https://www.medicineindia.org/pharmacy-chemist-drugstore-details/15126/inder-surgical
192,Indswift,(0D135) 730504,https://www.medicineindia.org/pharmacy-chemist-drugstore-details/14920/indswift
193,Indu Healthcare,(0172) 4644329,https://www.medicineindia.org/pharmacy-chemist-drugstore-details/15358/indu-healthcare
194,Indus Hospital Super Speciality,(0172) 5044944,https://www.medicineindia.org/pharmacy-chemist-drugstore-details/14883/indus-hospital-super-speciality
195,J B Pharma Assoc,(0172) 2737444,https://www.medicineindia.org/pharmacy-chemist-drugstore-details/15089/j-b-pharma-assoc
196,J B Pharma Distributors,(0172) 2651424,https://www.medicineindia.org/pharmacy-chemist-drugstore-details/15322/j-b-pharma-distributors
197,Jagdamba Medical Hall,(0172) 5075040,https://www.medicineindia.org/pharmacy-chemist-drugstore-details/14996/jagdamba-medical-hall
198,Jagdamba Medical Hall,(0172) 2726980,https://www.medicineindia.org/pharmacy-chemist-drugstore-details/15288/jagdamba-medical-hall
199,Jain Medical Hall,9872730293,https://www.medicineindia.org/pharmacy-chemist-drugstore-details/15178/jain-medical-hall
200,Jain Medicos,(0172) 2575656,https://www.medicineindia.org/pharmacy-chemist-drugstore-details/14943/jain-medicos
201,Jindal Assoc Twenty Two,(0172) 2727340,https://www.medicineindia.org/pharmacy-chemist-drugstore-details/15216/jindal-assoc-twenty-two
202,Jindal Clinic,(0172) 5079431,https://www.medicineindia.org/pharmacy-chemist-drugstore-details/15082/jindal-clinic
203,Jolly Pharma,9814330590,https://www.medicineindia.org/pharmacy-chemist-drugstore-details/15277/jolly-pharma
204,Justengo,(0172) 4984647,https://www.medicineindia.org/pharmacy-chemist-drugstore-details/14885/justengo
205,Jyoti Medical Hall,(0172) 2667443,https://www.medicineindia.org/pharmacy-chemist-drugstore-details/15224/jyoti-medical-hall
206,Jyoti Medical Hall,(0172) 2600243,https://www.medicineindia.org/pharmacy-chemist-drugstore-details/15226/jyoti-medical-hall
207,K B Empire Super Mkt,(0172) 5089513,https://www.medicineindia.org/pharmacy-chemist-drugstore-details/15213/k-b-empire-super-mkt
208,KAILASH MEDICAL HALL,(0172) 2643210,https://www.medicineindia.org/pharmacy-chemist-drugstore-details/15271/kailash-medical-hall
209,Kailash Pharma,(0172) 2696630,https://www.medicineindia.org/pharmacy-chemist-drugstore-details/15330/kailash-pharma
210,Kansal Medical Hall,(0172) 2770006,https://www.medicineindia.org/pharmacy-chemist-drugstore-details/14992/kansal-medical-hall
211,Kapoor & Company,(0172) 4649173,https://www.medicineindia.org/pharmacy-chemist-drugstore-details/15331/kapoor-company
212,Kapoor Medicos,(0172) 2695407,https://www.medicineindia.org/pharmacy-chemist-drugstore-details/15130/kapoor-medicos
213,Kapoor Medicose,(0172) 2616876,https://www.medicineindia.org/pharmacy-chemist-drugstore-details/15225/kapoor-medicose
214,Kapoor Medicose,(0172) 5082602,https://www.medicineindia.org/pharmacy-chemist-drugstore-details/15227/kapoor-medicose
215,Kaul Agency,(0172) 2700302,https://www.medicineindia.org/pharmacy-chemist-drugstore-details/15209/kaul-agency
216,Khanna Medicos,(0172) 5015885,https://www.medicineindia.org/pharmacy-chemist-drugstore-details/15272/khanna-medicos
217,Khurana ENT,(0172) 2658067,https://www.medicineindia.org/pharmacy-chemist-drugstore-details/15025/khurana-ent
218,Kishore Bros,(0172) 2726606,https://www.medicineindia.org/pharmacy-chemist-drugstore-details/15196/kishore-bros
219,Kohli Medical Mart,(0172) 2702296,https://www.medicineindia.org/pharmacy-chemist-drugstore-details/15202/kohli-medical-mart
220,Kohli Medical Store,(0172) 2704296,https://www.medicineindia.org/pharmacy-chemist-drugstore-details/15205/kohli-medical-store
221,Krishna Medical Hall,(0172) 2562915,https://www.medicineindia.org/pharmacy-chemist-drugstore-details/15171/krishna-medical-hall
222,Krishna Medical Hall,(0172) 5075379,https://www.medicineindia.org/pharmacy-chemist-drugstore-details/15315/krishna-medical-hall
223,Krishna Medical Hall,9888559589,https://www.medicineindia.org/pharmacy-chemist-drugstore-details/15334/krishna-medical-hall
224,Krishna Medicose,(0172) 5076085,https://www.medicineindia.org/pharmacy-chemist-drugstore-details/15135/krishna-medicose
225,Krishna Medicose,(0172) 2226977,https://www.medicineindia.org/pharmacy-chemist-drugstore-details/15351/krishna-medicose
226,Kumar Bros,(0172) 5035252,https://www.medicineindia.org/pharmacy-chemist-drugstore-details/15158/kumar-bros
227,Kumar Brothers Chemists Private Lim...,(0172) 2747538,https://www.medicineindia.org/pharmacy-chemist-drugstore-details/14882/kumar-brothers-chemists-private-lim
228,Kumar Enterprises,(0172) 2647269,https://www.medicineindia.org/pharmacy-chemist-drugstore-details/15000/kumar-enterprises
229,Kumar Medical,(0172) 5065515,https://www.medicineindia.org/pharmacy-chemist-drugstore-details/14889/kumar-medical
230,Kumar Medical Hall ( Under Renovati...,9888610074,https://www.medicineindia.org/pharmacy-chemist-drugstore-details/14902/kumar-medical-hall-under-renovati
231,Kumar Medicos,9878581722,https://www.medicineindia.org/pharmacy-chemist-drugstore-details/15311/kumar-medicos
232,Laj Medicos,(0172) 2704702,https://www.medicineindia.org/pharmacy-chemist-drugstore-details/15230/laj-medicos
233,Lalit Medicos,(0172) 2710741,https://www.medicineindia.org/pharmacy-chemist-drugstore-details/15139/lalit-medicos
234,Landmark Medishop,8146666903,https://www.medicineindia.org/pharmacy-chemist-drugstore-details/15345/landmark-medishop
235,Latawa Medicos,(0172) 2794888,https://www.medicineindia.org/pharmacy-chemist-drugstore-details/14958/latawa-medicos
236,Latawa Medicos,9781371578,https://www.medicineindia.org/pharmacy-chemist-drugstore-details/15300/latawa-medicos
237,Life Cure Medicos,(0172) 5079793,https://www.medicineindia.org/pharmacy-chemist-drugstore-details/15054/life-cure-medicos
238,Life Cure Medicos,(0172) 5065422,https://www.medicineindia.org/pharmacy-chemist-drugstore-details/15076/life-cure-medicos
239,Lupin Ltd,(0172) 5064797,https://www.medicineindia.org/pharmacy-chemist-drugstore-details/14903/lupin-ltd
240,Luthra Medical Agencies,(0172) 5086184,https://www.medicineindia.org/pharmacy-chemist-drugstore-details/15064/luthra-medical-agencies
241,Luthra Medicos,(0172) 2693629,https://www.medicineindia.org/pharmacy-chemist-drugstore-details/15078/luthra-medicos
242,M G Pharma,9417141202,https://www.medicineindia.org/pharmacy-chemist-drugstore-details/15063/m-g-pharma
243,MAA Shakti Medicos,(0172) 2603167,https://www.medicineindia.org/pharmacy-chemist-drugstore-details/15360/maa-shakti-medicos
244,MDC Pharmaceuticals PVT LTD,9814055068,https://www.medicineindia.org/pharmacy-chemist-drugstore-details/15157/mdc-pharmaceuticals-pvt-ltd
245,Maan Medical Store,(0172) 5012939,https://www.medicineindia.org/pharmacy-chemist-drugstore-details/15317/maan-medical-store
246,Madan Medical Store,9872004369,https://www.medicineindia.org/pharmacy-chemist-drugstore-details/15179/madan-medical-store
247,Maha Luxmi Medical Hall,(0172) 5096160,https://www.medicineindia.org/pharmacy-chemist-drugstore-details/15109/maha-luxmi-medical-hall
248,Mahajan Medical Hall,(0172) 2707917,https://www.medicineindia.org/pharmacy-chemist-drugstore-details/15229/mahajan-medical-hall
249,Mahalakshmi Surgical & Medicice Dis...,(0172) 5003222,https://www.medicineindia.org/pharmacy-chemist-drugstore-details/15002/mahalakshmi-surgical-medicice-dis
250,Mahesh Medicos,(0172) 2634237,https://www.medicineindia.org/pharmacy-chemist-drugstore-details/15354/mahesh-medicos
251,Maiden Pharmaceuticals,(0172) 4626906,https://www.medicineindia.org/pharmacy-chemist-drugstore-details/15091/maiden-pharmaceuticals
252,Malhotra Medical Hall,(0172) 2602528,https://www.medicineindia.org/pharmacy-chemist-drugstore-details/15319/malhotra-medical-hall
253,Mangla Medicos,9023938683,https://www.medicineindia.org/pharmacy-chemist-drugstore-details/14951/mangla-medicos
254,Mangla Medicos,(0172) 2722456,https://www.medicineindia.org/pharmacy-chemist-drugstore-details/15027/mangla-medicos
255,Mangla Mediocos,9872949485,https://www.medicineindia.org/pharmacy-chemist-drugstore-details/15183/mangla-mediocos
256,Manjit Medical Store,(0172) 5080467,https://www.medicineindia.org/pharmacy-chemist-drugstore-details/15198/manjit-medical-store
257,Mann Medical Store,(0172) 5012939,https://www.medicineindia.org/pharmacy-chemist-drugstore-details/15052/mann-medical-store
258,Mano kamna clinic medicos,9041403414,https://www.medicineindia.org/pharmacy-chemist-drugstore-details/14971/mano-kamna-clinic-medicos
259,Manoj Medicos,(0172) 3012351,https://www.medicineindia.org/pharmacy-chemist-drugstore-details/14999/manoj-medicos
260,Manoj Medicos,(0172) 5007352,https://www.medicineindia.org/pharmacy-chemist-drugstore-details/15056/manoj-medicos
261,Medi Ways,(0172) 2610479,https://www.medicineindia.org/pharmacy-chemist-drugstore-details/14993/medi-ways
262,Medical Lab,(0172) 5098044,https://www.medicineindia.org/pharmacy-chemist-drugstore-details/15003/medical-lab
263,Medicine Chamber,(0172) 5017420,https://www.medicineindia.org/pharmacy-chemist-drugstore-details/15012/medicine-chamber
264,Medicine Corner,(0172) 2686240,https://www.medicineindia.org/pharmacy-chemist-drugstore-details/15160/medicine-corner
265,Medicine House,(0172) 2228239,https://www.medicineindia.org/pharmacy-chemist-drugstore-details/15106/medicine-house
266,Medicine House,(0172) 2228239,https://www.medicineindia.org/pharmacy-chemist-drugstore-details/15174/medicine-house
267,Medico Pharma,(0172) 2547552,https://www.medicineindia.org/pharmacy-chemist-drugstore-details/15067/medico-pharma
268,Medicos,(0172) 2702698,https://www.medicineindia.org/pharmacy-chemist-drugstore-details/14969/medicos
269,Medicos,(0172) 4641014,https://www.medicineindia.org/pharmacy-chemist-drugstore-details/15051/medicos
270,Medicos Centre,(0172) 5022111,https://www.medicineindia.org/pharmacy-chemist-drugstore-details/14956/medicos-centre
271,Medicos Centre,(0172) 5022111,https://www.medicineindia.org/pharmacy-chemist-drugstore-details/15234/medicos-centre
272,Medicose,9872949485,https://www.medicineindia.org/pharmacy-chemist-drugstore-details/15187/medicose
273,Medihub,9888179198,https://www.medicineindia.org/pharmacy-chemist-drugstore-details/14940/medihub
274,Medisurge,(0172) 5018505,https://www.medicineindia.org/pharmacy-chemist-drugstore-details/15206/medisurge
275,Meditech International,(0172) 2704949,https://www.medicineindia.org/pharmacy-chemist-drugstore-details/15188/meditech-international
276,Mehak Medicose,(0172) 2630512,https://www.medicineindia.org/pharmacy-chemist-drugstore-details/15352/mehak-medicose
277,Mehta Medical Store,9876666887,https://www.medicineindia.org/pharmacy-chemist-drugstore-details/15349/mehta-medical-store
278,Mittal ENT,(0172) 5052724,https://www.medicineindia.org/pharmacy-chemist-drugstore-details/15261/mittal-ent
279,Mittal Medicines,9888277192,https://www.medicineindia.org/pharmacy-chemist-drugstore-details/15362/mittal-medicines
280,Mittal Medicos,9216763097,https://www.medicineindia.org/pharmacy-chemist-drugstore-details/15367/mittal-medicos
281,Mittal medical store,(0172) 2577120,https://www.medicineindia.org/pharmacy-chemist-drugstore-details/14935/mittal-medical-store
282,Modern Medical Store,(0172) 2711762,https://www.medicineindia.org/pharmacy-chemist-drugstore-details/15194/modern-medical-store
283,Mohit Medicos,(0172) 5072318,https://www.medicineindia.org/pharmacy-chemist-drugstore-details/15068/mohit-medicos
284,Money Medical Hall,(0172) 2782442,https://www.medicineindia.org/pharmacy-chemist-drugstore-details/14989/money-medical-hall
285,Mother Medicose,9872906753,https://www.medicineindia.org/pharmacy-chemist-drugstore-details/15176/mother-medicose
286,Mother Pharmaceuticals,(0172) 2621486,https://www.medicineindia.org/pharmacy-chemist-drugstore-details/15355/mother-pharmaceuticals
287,Multani Medical Store,(01762) 282060,https://www.medicineindia.org/pharmacy-chemist-drugstore-details/15118/multani-medical-store
288,N W Overseas Pvt Ltd,(0172) 2722045,https://www.medicineindia.org/pharmacy-chemist-drugstore-details/15028/n-w-overseas-pvt-ltd
289,N.H. Pharmaceuticals,9463654196,https://www.medicineindia.org/pharmacy-chemist-drugstore-details/15026/nh-pharmaceuticals
290,NAV Bharat Medical Hall,(0172) 2771210,https://www.medicineindia.org/pharmacy-chemist-drugstore-details/14915/nav-bharat-medical-hall
291,Nai Raj Medical Store,(0172) 2665217,https://www.medicineindia.org/pharmacy-chemist-drugstore-details/15356/nai-raj-medical-store
292,Nano Biotech,(0172) 4675164,https://www.medicineindia.org/pharmacy-chemist-drugstore-details/14938/nano-biotech
293,Narula Medicos,(0172) 2643640,https://www.medicineindia.org/pharmacy-chemist-drugstore-details/15270/narula-medicos
294,Nath Medical Hall,(0172) 2609555,https://www.medicineindia.org/pharmacy-chemist-drugstore-details/15190/nath-medical-hall
295,National Distributor,(0172) 2641970,https://www.medicineindia.org/pharmacy-chemist-drugstore-details/15268/national-distributor
296,National Medical Agencies,(0172) 2691608,https://www.medicineindia.org/pharmacy-chemist-drugstore-details/14925/national-medical-agencies
297,National Medical Hall Sec Twenty Eight C,(0172) 5012297,https://www.medicineindia.org/pharmacy-chemist-drugstore-details/15145/national-medical-hall-sec-twenty-eight-c
298,National Medicos,(0172) 2579090,https://www.medicineindia.org/pharmacy-chemist-drugstore-details/14967/national-medicos
299,National Trading Agencies,(0172) 2692987,https://www.medicineindia.org/pharmacy-chemist-drugstore-details/14991/national-trading-agencies
300,Nav Superb Medicos,(0172) 5009216,https://www.medicineindia.org/pharmacy-chemist-drugstore-details/15069/nav-superb-medicos
301,Neelam Medicose,(0172) 2629710,https://www.medicineindia.org/pharmacy-chemist-drugstore-details/15318/neelam-medicose
302,New Ashoka Medical Store,9855806643,https://www.medicineindia.org/pharmacy-chemist-drugstore-details/15347/new-ashoka-medical-store
303,New German Chemist,(0172) 3048580,https://www.medicineindia.org/pharmacy-chemist-drugstore-details/15103/new-german-chemist
304,New Punjab General Store,(0172) 2657383,https://www.medicineindia.org/pharmacy-chemist-drugstore-details/15325/new-punjab-general-store
305,Newton Medical Devices,(0172) 5094482,https://www.medicineindia.org/pharmacy-chemist-drugstore-details/15022/newton-medical-devices
306,Nirmal Medical Store,(0172) 6575837,https://www.medicineindia.org/pharmacy-chemist-drugstore-details/15308/nirmal-medical-store
307,Nirmal Medicare Forty Five,(0172) 5035267,https://www.medicineindia.org/pharmacy-chemist-drugstore-details/15357/nirmal-medicare-forty-five
308,Nishu Medicos,(0172) 5049769,https://www.medicineindia.org/pharmacy-chemist-drugstore-details/15298/nishu-medicos
309,Nitin Medical & Surgicals,(0172) 2771362,https://www.medicineindia.org/pharmacy-chemist-drugstore-details/15058/nitin-medical-surgicals
310,Om Medical Store,9914885285,https://www.medicineindia.org/pharmacy-chemist-drugstore-details/14928/om-medical-store
311,Oncare Pharmaceuticals Pvt Ltd,(0172) 4666070,https://www.medicineindia.org/pharmacy-chemist-drugstore-details/15050/oncare-pharmaceuticals-pvt-ltd
312,Overall Medicos,(0172) 6535322,https://www.medicineindia.org/pharmacy-chemist-drugstore-details/15168/overall-medicos
313,P.C.Jain & Medicos,9988204464,https://www.medicineindia.org/pharmacy-chemist-drugstore-details/15119/pcjain-medicos
314,Pacific India,(0172) 5028308,https://www.medicineindia.org/pharmacy-chemist-drugstore-details/15004/pacific-india
315,Pammi Medicos,(0172) 2620266,https://www.medicineindia.org/pharmacy-chemist-drugstore-details/15086/pammi-medicos
316,Panch Parmesthi Medical Hall,(0172) 5057916,https://www.medicineindia.org/pharmacy-chemist-drugstore-details/15286/panch-parmesthi-medical-hall
317,Parasol Labratories India Pvt Ltd,(0172) 5018051,https://www.medicineindia.org/pharmacy-chemist-drugstore-details/14963/parasol-labratories-india-pvt-ltd
318,Pardeep Medicos,(0172) 2622156,https://www.medicineindia.org/pharmacy-chemist-drugstore-details/15365/pardeep-medicos
319,Parkash Medical Hall,(0172) 2700063,https://www.medicineindia.org/pharmacy-chemist-drugstore-details/15184/parkash-medical-hall
320,Patanjali chikitsalya,9780144212,https://www.medicineindia.org/pharmacy-chemist-drugstore-details/14919/patanjali-chikitsalya
321,Patiala Medical Store,(0172) 2657354,https://www.medicineindia.org/pharmacy-chemist-drugstore-details/15200/patiala-medical-store
322,Paul Biologicals,(0172) UPTO,https://www.medicineindia.org/pharmacy-chemist-drugstore-details/15294/paul-biologicals
323,Pharma Linkers,9814108109,https://www.medicineindia.org/pharmacy-chemist-drugstore-details/14931/pharma-linkers
324,Phytochem Healthcare Pharmaceutical...,(0172) 5066028,https://www.medicineindia.org/pharmacy-chemist-drugstore-details/14945/phytochem-healthcare-pharmaceutical
325,Polymed Pharmaceuticals,(0172) 6540409,https://www.medicineindia.org/pharmacy-chemist-drugstore-details/15275/polymed-pharmaceuticals
326,Pooja Medical Hall,(0172) 2658211,https://www.medicineindia.org/pharmacy-chemist-drugstore-details/15088/pooja-medical-hall
327,Pooja medical hall,9878106440,https://www.medicineindia.org/pharmacy-chemist-drugstore-details/14972/pooja-medical-hall
328,Pooran Medical Hall,(0172) 5017687,https://www.medicineindia.org/pharmacy-chemist-drugstore-details/14964/pooran-medical-hall
329,Popular Chemist,(0172) 2725252,https://www.medicineindia.org/pharmacy-chemist-drugstore-details/15309/popular-chemist
330,Popular Medicos,(0172) 2607409,https://www.medicineindia.org/pharmacy-chemist-drugstore-details/15320/popular-medicos
331,Prakash Medical Hall,(0172) 2700063,https://www.medicineindia.org/pharmacy-chemist-drugstore-details/14910/prakash-medical-hall
332,Preet Medical Hall,(0172) 5002468,https://www.medicineindia.org/pharmacy-chemist-drugstore-details/14983/preet-medical-hall
333,Prem Medical Hall,(0172) 2771787,https://www.medicineindia.org/pharmacy-chemist-drugstore-details/14995/prem-medical-hall
334,Puneet Medical Store,9815564924,https://www.medicineindia.org/pharmacy-chemist-drugstore-details/15121/puneet-medical-store
335,Punjab Medical Store,9872728955,https://www.medicineindia.org/pharmacy-chemist-drugstore-details/15128/punjab-medical-store
336,Puri Medicos,(0172) 2650771,https://www.medicineindia.org/pharmacy-chemist-drugstore-details/14980/puri-medicos
337,Puri medicos,9814586066,https://www.medicineindia.org/pharmacy-chemist-drugstore-details/14933/puri-medicos
338,Puri medicos,9814760890,https://www.medicineindia.org/pharmacy-chemist-drugstore-details/15021/puri-medicos
339,Qual Pharma,(0172) 6532106,https://www.medicineindia.org/pharmacy-chemist-drugstore-details/15191/qual-pharma
340,R K Assoc,(0172) 3010814,https://www.medicineindia.org/pharmacy-chemist-drugstore-details/15326/r-k-assoc
341,R K Medicos,(0172) 5078594,https://www.medicineindia.org/pharmacy-chemist-drugstore-details/15316/r-k-medicos
342,R N Pharma,(0172) 5018656,https://www.medicineindia.org/pharmacy-chemist-drugstore-details/15163/r-n-pharma
343,Rahmand Medical Agency,(0172) 5019609,https://www.medicineindia.org/pharmacy-chemist-drugstore-details/15327/rahmand-medical-agency
344,Rai Medicos,(0172) 5018793,https://www.medicineindia.org/pharmacy-chemist-drugstore-details/14985/rai-medicos
345,Raj Medical Hall,9779123327,https://www.medicineindia.org/pharmacy-chemist-drugstore-details/15241/raj-medical-hall
346,Raj Medical Hall,(0172) 2789327,https://www.medicineindia.org/pharmacy-chemist-drugstore-details/15252/raj-medical-hall
347,Raj Medical Hall,(0172) 2789114,https://www.medicineindia.org/pharmacy-chemist-drugstore-details/15269/raj-medical-hall
348,Rajeev Medicos,(0172) 2227078,https://www.medicineindia.org/pharmacy-chemist-drugstore-details/15105/rajeev-medicos
349,Rakesh Medicos,(0172) 3260117,https://www.medicineindia.org/pharmacy-chemist-drugstore-details/14987/rakesh-medicos
350,Rakesh Medicos,9888363548,https://www.medicineindia.org/pharmacy-chemist-drugstore-details/15293/rakesh-medicos
351,Ram Medicos,9872328659,https://www.medicineindia.org/pharmacy-chemist-drugstore-details/15250/ram-medicos
352,Raman Medical Store,(0172) 5007617,https://www.medicineindia.org/pharmacy-chemist-drugstore-details/14955/raman-medical-store
353,Raman Medicos & Clinical Lab,9872595737,https://www.medicineindia.org/pharmacy-chemist-drugstore-details/15113/raman-medicos-clinical-lab
354,Real Chemists,9216480009,https://www.medicineindia.org/pharmacy-chemist-drugstore-details/15245/real-chemists
355,Regional Faculties of Science,9316968582,https://www.medicineindia.org/pharmacy-chemist-drugstore-details/15019/regional-faculties-of-science
356,Reliable Chemists,(0172) 2740661,https://www.medicineindia.org/pharmacy-chemist-drugstore-details/14997/reliable-chemists
357,Remedies Enterprises,(0172) 2541662,https://www.medicineindia.org/pharmacy-chemist-drugstore-details/15297/remedies-enterprises
358,Rishi Medicos Hallu Majra,(0172) 2658412,https://www.medicineindia.org/pharmacy-chemist-drugstore-details/15281/rishi-medicos-hallu-majra
359,Romeela Chemists,(0172) 2793016,https://www.medicineindia.org/pharmacy-chemist-drugstore-details/15129/romeela-chemists
360,Romila Chemist,(0172) 5076298,https://www.medicineindia.org/pharmacy-chemist-drugstore-details/14979/romila-chemist
361,Royal Medical Hall,(0172) 5007790,https://www.medicineindia.org/pharmacy-chemist-drugstore-details/15136/royal-medical-hall
362,Royal Medical Store,(0172) 5052710,https://www.medicineindia.org/pharmacy-chemist-drugstore-details/14909/royal-medical-store
363,Royal Medical Store,(0172) 3260023,https://www.medicineindia.org/pharmacy-chemist-drugstore-details/15221/royal-medical-store
364,S K ENT,(0172) 2700383,https://www.medicineindia.org/pharmacy-chemist-drugstore-details/15032/s-k-ent
365,S K Medicos,9815583511,https://www.medicineindia.org/pharmacy-chemist-drugstore-details/15041/s-k-medicos
366,S P Medical Hall & Cosmetic,(0172) 2607710,https://www.medicineindia.org/pharmacy-chemist-drugstore-details/15148/s-p-medical-hall-cosmetic
367,S P medicos,9317730136,https://www.medicineindia.org/pharmacy-chemist-drugstore-details/15066/s-p-medicos
368,S.A medical store,(0172) 2641622,https://www.medicineindia.org/pharmacy-chemist-drugstore-details/15042/sa-medical-store
369,S.P. Pharma,9872362987,https://www.medicineindia.org/pharmacy-chemist-drugstore-details/15143/sp-pharma
370,S.S. Medicose,9914384681,https://www.medicineindia.org/pharmacy-chemist-drugstore-details/15094/ss-medicose
371,SAI Medical & Surgical Hall,(0172) 2656933,https://www.medicineindia.org/pharmacy-chemist-drugstore-details/15243/sai-medical-surgical-hall
372,SAI Medical & Surgical Hall,9815498897,https://www.medicineindia.org/pharmacy-chemist-drugstore-details/15280/sai-medical-surgical-hall
373,SAI Medicos,(0172) 2642106,https://www.medicineindia.org/pharmacy-chemist-drugstore-details/14978/sai-medicos
374,SAR Medicos,(0172) 2734802,https://www.medicineindia.org/pharmacy-chemist-drugstore-details/15092/sar-medicos
375,ST Botanica,(0172) 2592312,https://www.medicineindia.org/pharmacy-chemist-drugstore-details/14954/st-botanica
376,Sabharwal Medicos,(0172) 5001145,https://www.medicineindia.org/pharmacy-chemist-drugstore-details/15307/sabharwal-medicos
377,Sabsons Agencies Pvt Ltd,(0172) 2221742,https://www.medicineindia.org/pharmacy-chemist-drugstore-details/15108/sabsons-agencies-pvt-ltd
378,Sachdeva Medicos,(0172) 2228740,https://www.medicineindia.org/pharmacy-chemist-drugstore-details/15110/sachdeva-medicos
379,Sadhna Medical Store,9888245114,https://www.medicineindia.org/pharmacy-chemist-drugstore-details/15208/sadhna-medical-store
380,Sadhna Medical Stores,(0172) 2651298,https://www.medicineindia.org/pharmacy-chemist-drugstore-details/15199/sadhna-medical-stores
381,Sahib Medical Store,(0172) 5081843,https://www.medicineindia.org/pharmacy-chemist-drugstore-details/14959/sahib-medical-store
382,Sahib Medical Store,(0172) 5001080,https://www.medicineindia.org/pharmacy-chemist-drugstore-details/15159/sahib-medical-store
383,Sahib Medical Store,9877122333,https://www.medicineindia.org/pharmacy-chemist-drugstore-details/15348/sahib-medical-store
384,Sahni Medical Hall,9872328676,https://www.medicineindia.org/pharmacy-chemist-drugstore-details/15038/sahni-medical-hall
385,Sahni Medicos,(0172) 5007298,https://www.medicineindia.org/pharmacy-chemist-drugstore-details/15328/sahni-medicos
386,Sai medicares,9464291750,https://www.medicineindia.org/pharmacy-chemist-drugstore-details/14974/sai-medicares
387,Salwan Chemist,9888148035,https://www.medicineindia.org/pharmacy-chemist-drugstore-details/15172/salwan-chemist
388,Samrat Distribution,(0172) 2653220,https://www.medicineindia.org/pharmacy-chemist-drugstore-details/15080/samrat-distribution
389,Sanjeev Medical Store,9640209553,https://www.medicineindia.org/pharmacy-chemist-drugstore-details/15117/sanjeev-medical-store
390,Sanjivani Medical Hall,(0172) 3250115,https://www.medicineindia.org/pharmacy-chemist-drugstore-details/15029/sanjivani-medical-hall
391,Sanjivani Medicos,9855148682,https://www.medicineindia.org/pharmacy-chemist-drugstore-details/15302/sanjivani-medicos
392,Sanjivni medical Hall,(0172) 2779009,https://www.medicineindia.org/pharmacy-chemist-drugstore-details/15185/sanjivni-medical-hall
393,Sant Amar Singh Ayurvedic Pharmacy,9914999191,https://www.medicineindia.org/pharmacy-chemist-drugstore-details/15039/sant-amar-singh-ayurvedic-pharmacy
394,Santosh Enterprises,9216400635,https://www.medicineindia.org/pharmacy-chemist-drugstore-details/15335/santosh-enterprises
395,Santosh Medicare,(0172) 5088477,https://www.medicineindia.org/pharmacy-chemist-drugstore-details/15314/santosh-medicare
396,Santosh Medicos,(0172) 2613021,https://www.medicineindia.org/pharmacy-chemist-drugstore-details/14950/santosh-medicos
397,Santoshi medicos,9417361729,https://www.medicineindia.org/pharmacy-chemist-drugstore-details/15018/santoshi-medicos
398,Sanyog Pharmacy,(0172) 2741502,https://www.medicineindia.org/pharmacy-chemist-drugstore-details/15017/sanyog-pharmacy
399,Sarco Pharmaceuticals,(0172) 2656564,https://www.medicineindia.org/pharmacy-chemist-drugstore-details/15140/sarco-pharmaceuticals
400,Satnam Medicos,(0172) 2615874,https://www.medicineindia.org/pharmacy-chemist-drugstore-details/15030/satnam-medicos
401,Satnam medicos,9988717203,https://www.medicineindia.org/pharmacy-chemist-drugstore-details/15292/satnam-medicos
402,Satyam Medical Store,(0160) 5001017,https://www.medicineindia.org/pharmacy-chemist-drugstore-details/15120/satyam-medical-store
403,Scholls Pharma & Chemicals India,(0172) 2591672,https://www.medicineindia.org/pharmacy-chemist-drugstore-details/15114/scholls-pharma-chemicals-india
404,Sea Medicos,9872875717,https://www.medicineindia.org/pharmacy-chemist-drugstore-details/15366/sea-medicos
405,Sehnaz Hussains Herbal,(0172) 2596243,https://www.medicineindia.org/pharmacy-chemist-drugstore-details/14944/sehnaz-hussains-herbal
406,Selvel Sales Agencies,9855221117,https://www.medicineindia.org/pharmacy-chemist-drugstore-details/82664/selvel-sales-agencies
407,Sethi Medical Agency,(0172) 5052425,https://www.medicineindia.org/pharmacy-chemist-drugstore-details/15233/sethi-medical-agency
408,Shakumbhri Medical Agency,9316109655,https://www.medicineindia.org/pharmacy-chemist-drugstore-details/15239/shakumbhri-medical-agency
409,Shalu Medical Hall,(0172) 5073085,https://www.medicineindia.org/pharmacy-chemist-drugstore-details/15142/shalu-medical-hall
410,Shamshri Intl Pvt Ltd,(0172) 2712039,https://www.medicineindia.org/pharmacy-chemist-drugstore-details/15215/shamshri-intl-pvt-ltd
411,Shanti Medicos,(0172) 2739988,https://www.medicineindia.org/pharmacy-chemist-drugstore-details/15237/shanti-medicos
412,Sharma Homeopathic Store & Clinic,(0172) 2708232,https://www.medicineindia.org/pharmacy-chemist-drugstore-details/15231/sharma-homeopathic-store-clinic
413,Sharma Medical Hall,(0172) 5016844,https://www.medicineindia.org/pharmacy-chemist-drugstore-details/15242/sharma-medical-hall
414,Shiv pharmacy chemist,(0172) 4020317,https://www.medicineindia.org/pharmacy-chemist-drugstore-details/14927/shiv-pharmacy-chemist
415,Shiva Agencies,(0172) 5002420,https://www.medicineindia.org/pharmacy-chemist-drugstore-details/15133/shiva-agencies
416,Shiva Medicals,9872743973,https://www.medicineindia.org/pharmacy-chemist-drugstore-details/15341/shiva-medicals
417,Shiva Medicos,(0172) 5092501,https://www.medicineindia.org/pharmacy-chemist-drugstore-details/15107/shiva-medicos
418,Shiva Medicose,(0172) 2687175,https://www.medicineindia.org/pharmacy-chemist-drugstore-details/15324/shiva-medicose
419,Shivalik Laboratories,(0172) 2650171,https://www.medicineindia.org/pharmacy-chemist-drugstore-details/15057/shivalik-laboratories
420,Shivalik Medicos,(0172) 2564198,https://www.medicineindia.org/pharmacy-chemist-drugstore-details/14970/shivalik-medicos
421,Shivam Medicos,(0172) 2774610,https://www.medicineindia.org/pharmacy-chemist-drugstore-details/15306/shivam-medicos
422,Shivangee Medicos,(0172) 6520447,https://www.medicineindia.org/pharmacy-chemist-drugstore-details/15155/shivangee-medicos
423,Shree Balaji Distributors,(0172) 5067748,https://www.medicineindia.org/pharmacy-chemist-drugstore-details/15053/shree-balaji-distributors
424,Shree ji pharmaceuticals,09023337713,https://www.medicineindia.org/pharmacy-chemist-drugstore-details/82631/shree-ji-pharmaceuticals
425,Shri Imaging & X Ray Films,(0172) 2709328,https://www.medicineindia.org/pharmacy-chemist-drugstore-details/15132/shri-imaging-x-ray-films
426,Shri Ram Medical Hall,(01762) 2342345,https://www.medicineindia.org/pharmacy-chemist-drugstore-details/15011/shri-ram-medical-hall
427,Sidh Drug Store,(0172) 2624132,https://www.medicineindia.org/pharmacy-chemist-drugstore-details/15036/sidh-drug-store
428,Singh Medicos,(0172) 2789666,https://www.medicineindia.org/pharmacy-chemist-drugstore-details/15276/singh-medicos
429,Singh Medicos,(0172) 4649005,https://www.medicineindia.org/pharmacy-chemist-drugstore-details/15332/singh-medicos
430,Singla Medicare,(0172) 5007647,https://www.medicineindia.org/pharmacy-chemist-drugstore-details/15312/singla-medicare
431,Singla Medicose,(0172) 2704913,https://www.medicineindia.org/pharmacy-chemist-drugstore-details/15260/singla-medicose
432,Singla Sons,(0172) 2541965,https://www.medicineindia.org/pharmacy-chemist-drugstore-details/15299/singla-sons
433,Soigner Pharma,9888163636,https://www.medicineindia.org/pharmacy-chemist-drugstore-details/82589/soigner-pharma
434,Sony Medicals,(0172) 5019027,https://www.medicineindia.org/pharmacy-chemist-drugstore-details/14924/sony-medicals
435,Sricure Herbs India Pvt Ltd,(0172) 2560574,https://www.medicineindia.org/pharmacy-chemist-drugstore-details/15098/sricure-herbs-india-pvt-ltd
436,Standard Medicos,(0172) 2692269,https://www.medicineindia.org/pharmacy-chemist-drugstore-details/14912/standard-medicos
437,Sukhija Medicos,(0172) 2212409,https://www.medicineindia.org/pharmacy-chemist-drugstore-details/15344/sukhija-medicos
438,Sukum Medicare,(0172) 2709130,https://www.medicineindia.org/pharmacy-chemist-drugstore-details/15146/sukum-medicare
439,Sunder Medical Store,9815098950,https://www.medicineindia.org/pharmacy-chemist-drugstore-details/15223/sunder-medical-store
440,Sunder Medical Store,(0172) 2776315,https://www.medicineindia.org/pharmacy-chemist-drugstore-details/15254/sunder-medical-store
441,Sunder Medical Store,(0172) 5047393,https://www.medicineindia.org/pharmacy-chemist-drugstore-details/15296/sunder-medical-store
442,Sunil Medicos,(0172) 5012475,https://www.medicineindia.org/pharmacy-chemist-drugstore-details/14984/sunil-medicos
443,Super Distribution Network,(0172) 2790335,https://www.medicineindia.org/pharmacy-chemist-drugstore-details/15044/super-distribution-network
444,Super Homeo Pharmacy,(0172) 2667659,https://www.medicineindia.org/pharmacy-chemist-drugstore-details/15007/super-homeo-pharmacy
445,Surya Medicare Ltd,(0172) 2655166,https://www.medicineindia.org/pharmacy-chemist-drugstore-details/15079/surya-medicare-ltd
446,TTK Healthcare Limited,(0172) 2655334,https://www.medicineindia.org/pharmacy-chemist-drugstore-details/14961/ttk-healthcare-limited
447,Teriot Pharmaceuticals PVT LTD,(0172) 283179,https://www.medicineindia.org/pharmacy-chemist-drugstore-details/15278/teriot-pharmaceuticals-pvt-ltd
448,The Bala Medicos,9780009703,https://www.medicineindia.org/pharmacy-chemist-drugstore-details/14934/the-bala-medicos
449,Tina Medicos,9781691448,https://www.medicineindia.org/pharmacy-chemist-drugstore-details/15346/tina-medicos
450,Tirath Singh & Bros,(0172) 5012617,https://www.medicineindia.org/pharmacy-chemist-drugstore-details/15073/tirath-singh-bros
451,Tirupati Medicose,9425554331,https://www.medicineindia.org/pharmacy-chemist-drugstore-details/15257/tirupati-medicose
452,Triveni Pharma Distributors,(0172) 2699102,https://www.medicineindia.org/pharmacy-chemist-drugstore-details/15062/triveni-pharma-distributors
453,Tynor Orthotics LTD.,(0172) 4388132,https://www.medicineindia.org/pharmacy-chemist-drugstore-details/15009/tynor-orthotics-ltd
454,U.S.V. LTD,(0172) 2634893,https://www.medicineindia.org/pharmacy-chemist-drugstore-details/15363/usv-ltd
455,Ut Surgicals,(0172) 2700167,https://www.medicineindia.org/pharmacy-chemist-drugstore-details/14986/ut-surgicals
456,Uttranchal Medical Store,9815195314,https://www.medicineindia.org/pharmacy-chemist-drugstore-details/15290/uttranchal-medical-store
457,V K Medicos,(0172) 5019249,https://www.medicineindia.org/pharmacy-chemist-drugstore-details/15077/v-k-medicos
458,Vandana Medical Hall,(0172) 2733102,https://www.medicineindia.org/pharmacy-chemist-drugstore-details/15164/vandana-medical-hall
459,Vardhman Instruments & Chemicals,(0172) 2772068,https://www.medicineindia.org/pharmacy-chemist-drugstore-details/15150/vardhman-instruments-chemicals
460,Varindra ENT,(0172) 2742926,https://www.medicineindia.org/pharmacy-chemist-drugstore-details/15075/varindra-ent
461,Veer JEE Medicos,9780280001,https://www.medicineindia.org/pharmacy-chemist-drugstore-details/15010/veer-jee-medicos
462,Venus Chemi Centre,(0172) 2640640,https://www.medicineindia.org/pharmacy-chemist-drugstore-details/15203/venus-chemi-centre
463,ViVa Health Clinic,(0172) 5071738,https://www.medicineindia.org/pharmacy-chemist-drugstore-details/14957/viva-health-clinic
464,Vinu Medicos,9041720921,https://www.medicineindia.org/pharmacy-chemist-drugstore-details/15138/vinu-medicos
465,Vishal Pharmaceuticals,(0172) 6578040,https://www.medicineindia.org/pharmacy-chemist-drugstore-details/15236/vishal-pharmaceuticals
466,Viva Your Family Chemist,(0172) 4611122,https://www.medicineindia.org/pharmacy-chemist-drugstore-details/14892/viva-your-family-chemist
467,Viva Your Family Chemist,(0172) 5016454,https://www.medicineindia.org/pharmacy-chemist-drugstore-details/14894/viva-your-family-chemist
468,Viva Your Family Chemist,(0172) 5094453,https://www.medicineindia.org/pharmacy-chemist-drugstore-details/14897/viva-your-family-chemist
469,Viva Your Family Chemist,(0172) 4029455,https://www.medicineindia.org/pharmacy-chemist-drugstore-details/14913/viva-your-family-chemist
470,Viva Your Family Chemist,(0172) 4611122,https://www.medicineindia.org/pharmacy-chemist-drugstore-details/14937/viva-your-family-chemist
471,Viva Your Family Chemist,(0172) 5018454,https://www.medicineindia.org/pharmacy-chemist-drugstore-details/14939/viva-your-family-chemist
472,Viva Your Family Chemist,(0172) 5066454,https://www.medicineindia.org/pharmacy-chemist-drugstore-details/14947/viva-your-family-chemist
473,Viva Your Family Chemist,(0172) 5013237,https://www.medicineindia.org/pharmacy-chemist-drugstore-details/14948/viva-your-family-chemist
474,Viva Your Family Chemist,(0172) 2566032,https://www.medicineindia.org/pharmacy-chemist-drugstore-details/14949/viva-your-family-chemist
475,Viva Your Family Chemist,9716474519,https://www.medicineindia.org/pharmacy-chemist-drugstore-details/15045/viva-your-family-chemist
476,Viva Your Family Chemist,(0172) 5091454,https://www.medicineindia.org/pharmacy-chemist-drugstore-details/15111/viva-your-family-chemist
477,Viva Your Family Chemist,(0172) 5098454,https://www.medicineindia.org/pharmacy-chemist-drugstore-details/15175/viva-your-family-chemist
478,Viva Your Family Chemist sector twe...,(0172) 5011409,https://www.medicineindia.org/pharmacy-chemist-drugstore-details/15005/viva-your-family-chemist-sector-twe
479,Viva chemist,(0172) 5002454,https://www.medicineindia.org/pharmacy-chemist-drugstore-details/15305/viva-chemist
480,Viva your family chemist,(0172) 5039454,https://www.medicineindia.org/pharmacy-chemist-drugstore-details/14899/viva-your-family-chemist
481,Viva your family chemist,(0172) 4611122,https://www.medicineindia.org/pharmacy-chemist-drugstore-details/14922/viva-your-family-chemist
482,Well Being Chemists,(0172) 5051785,https://www.medicineindia.org/pharmacy-chemist-drugstore-details/15081/well-being-chemists
483,World Medicos,(0172) 3048855,https://www.medicineindia.org/pharmacy-chemist-drugstore-details/15095/world-medicos
484,Yadav Medical Hall,(0172) 3253981,https://www.medicineindia.org/pharmacy-chemist-drugstore-details/15244/yadav-medical-hall
485,Zeeplus Pharmaceuticals,9417565859,https://www.medicineindia.org/pharmacy-chemist-drugstore-details/15090/zeeplus-pharmaceuticals
486,gulati medicos,(0172) 2593707,https://www.medicineindia.org/pharmacy-chemist-drugstore-details/15006/gulati-medicos
487,jan aushadhi,(0172) 3251925,https://www.medicineindia.org/pharmacy-chemist-drugstore-details/15024/jan-aushadhi
488,qual pharma,(0172) 6532108,https://www.medicineindia.org/pharmacy-chemist-drugstore-details/15102/qual-pharma
489,viva your family chemists,(0172) 5085454,https://www.medicineindia.org/pharmacy-chemist-drugstore-details/14941/viva-your-family-chemists
