0,A K Pharma,9303135140,https://www.medicineindia.org/pharmacy-chemist-drugstore-details/7210/a-k-pharma
1,A.Z Communication,9302342323,https://www.medicineindia.org/pharmacy-chemist-drugstore-details/7198/az-communication
2,Aashirwak Medical,(0755) 4276798,https://www.medicineindia.org/pharmacy-chemist-drugstore-details/7299/aashirwak-medical
3,Aayu Deal Medical,9993170290,https://www.medicineindia.org/pharmacy-chemist-drugstore-details/7205/aayu-deal-medical
4,Abhilasha Medico,(0755) 2555705,https://www.medicineindia.org/pharmacy-chemist-drugstore-details/7147/abhilasha-medico
5,Aditya Medicine,(0755) 2711717,https://www.medicineindia.org/pharmacy-chemist-drugstore-details/7368/aditya-medicine
6,Agarwal Medical Stores,(0755) 2554025,https://www.medicineindia.org/pharmacy-chemist-drugstore-details/7353/agarwal-medical-stores
7,Agarwal Medico,(0755) 2745073,https://www.medicineindia.org/pharmacy-chemist-drugstore-details/7131/agarwal-medico
8,Agrawal Medical,(0755) 2532075,https://www.medicineindia.org/pharmacy-chemist-drugstore-details/7097/agrawal-medical
9,Agroha Medico,(0755) 2741164,https://www.medicineindia.org/pharmacy-chemist-drugstore-details/7159/agroha-medico
10,Agrwal Medical Agency,9713186646,https://www.medicineindia.org/pharmacy-chemist-drugstore-details/7321/agrwal-medical-agency
11,Ajay Pharma,(0755) 2539011,https://www.medicineindia.org/pharmacy-chemist-drugstore-details/7160/ajay-pharma
12,Akash Medical & General Store,(0755) 4255947,https://www.medicineindia.org/pharmacy-chemist-drugstore-details/7098/akash-medical-general-store
13,Akshit Medical Store,(0755) 3014938,https://www.medicineindia.org/pharmacy-chemist-drugstore-details/7385/akshit-medical-store
14,Aman Medical Store,(0755) 2489350,https://www.medicineindia.org/pharmacy-chemist-drugstore-details/7148/aman-medical-store
15,Amit Medical Store,8435984177,https://www.medicineindia.org/pharmacy-chemist-drugstore-details/7398/amit-medical-store
16,Anand Medical Store,(0755) 2744547,https://www.medicineindia.org/pharmacy-chemist-drugstore-details/7161/anand-medical-store
17,Anil Drug House,(0755) 2534845,https://www.medicineindia.org/pharmacy-chemist-drugstore-details/7162/anil-drug-house
18,Anil Medico,(0755) 2532703,https://www.medicineindia.org/pharmacy-chemist-drugstore-details/7088/anil-medico
19,Anjana Medical Stores,(0755) 2556888,https://www.medicineindia.org/pharmacy-chemist-drugstore-details/7278/anjana-medical-stores
20,Anjani Pharmaceuticals,9425018884,https://www.medicineindia.org/pharmacy-chemist-drugstore-details/7427/anjani-pharmaceuticals
21,Ankit Medical HUB,9229901264,https://www.medicineindia.org/pharmacy-chemist-drugstore-details/7298/ankit-medical-hub
22,Ankur Medico,(0755) 2540454,https://www.medicineindia.org/pharmacy-chemist-drugstore-details/7163/ankur-medico
23,Anmol Medical Store,9806642984,https://www.medicineindia.org/pharmacy-chemist-drugstore-details/7081/anmol-medical-store
24,Anupama Medical Store,9993394930,https://www.medicineindia.org/pharmacy-chemist-drugstore-details/7372/anupama-medical-store
25,Anurag Medical Store,(0755) 2405962,https://www.medicineindia.org/pharmacy-chemist-drugstore-details/7317/anurag-medical-store
26,Apollo Pharmacy,(0755) 2492525,https://www.medicineindia.org/pharmacy-chemist-drugstore-details/7068/apollo-pharmacy
27,Apollo Pharmacy,(07562) 2329494,https://www.medicineindia.org/pharmacy-chemist-drugstore-details/7086/apollo-pharmacy
28,Arihant Medical Store,(0755) 4256274,https://www.medicineindia.org/pharmacy-chemist-drugstore-details/7276/arihant-medical-store
29,Arihant Medical Store,9425005433,https://www.medicineindia.org/pharmacy-chemist-drugstore-details/7371/arihant-medical-store
30,Aristo Pharmaceuticals Pvt Ltd,(07480) 233291,https://www.medicineindia.org/pharmacy-chemist-drugstore-details/7067/aristo-pharmaceuticals-pvt-ltd
31,Asha Medical Centre,(0755) 4279731,https://www.medicineindia.org/pharmacy-chemist-drugstore-details/7164/asha-medical-centre
32,Asha Medical Shoppe,(0755) 4261011,https://www.medicineindia.org/pharmacy-chemist-drugstore-details/7294/asha-medical-shoppe
33,Asha Medical Store,9893272096,https://www.medicineindia.org/pharmacy-chemist-drugstore-details/7243/asha-medical-store
34,Asha Medical Store,(0755) 4205215,https://www.medicineindia.org/pharmacy-chemist-drugstore-details/7255/asha-medical-store
35,Asha Medical Store,9617978452,https://www.medicineindia.org/pharmacy-chemist-drugstore-details/7310/asha-medical-store
36,Asha Medical Store,(0755) 4241734,https://www.medicineindia.org/pharmacy-chemist-drugstore-details/7365/asha-medical-store
37,Asha Medical Stores,(0755) 4247734,https://www.medicineindia.org/pharmacy-chemist-drugstore-details/7125/asha-medical-stores
38,Asha Medico,(0755) 2745687,https://www.medicineindia.org/pharmacy-chemist-drugstore-details/7084/asha-medico
39,Ashapura Medical Store,(0755) 4283644,https://www.medicineindia.org/pharmacy-chemist-drugstore-details/7195/ashapura-medical-store
40,Ashirvad Medical,(0755) 4276791,https://www.medicineindia.org/pharmacy-chemist-drugstore-details/7295/ashirvad-medical
41,Ashirwad Medical,(0755) 4205312,https://www.medicineindia.org/pharmacy-chemist-drugstore-details/7165/ashirwad-medical
42,Ashirwad Medical Store,9981219024,https://www.medicineindia.org/pharmacy-chemist-drugstore-details/7261/ashirwad-medical-store
43,Ashirwad Medical Store,7554204004,https://www.medicineindia.org/pharmacy-chemist-drugstore-details/7369/ashirwad-medical-store
44,Ashish Medical Store,(0755) 2749113,https://www.medicineindia.org/pharmacy-chemist-drugstore-details/7166/ashish-medical-store
45,Ashrafi Unani Dawakhana,(0755) 2533239,https://www.medicineindia.org/pharmacy-chemist-drugstore-details/7128/ashrafi-unani-dawakhana
46,Astha Medical Store,9926551307,https://www.medicineindia.org/pharmacy-chemist-drugstore-details/7117/astha-medical-store
47,Atul Medical Agencies,(0755) 4257566,https://www.medicineindia.org/pharmacy-chemist-drugstore-details/7144/atul-medical-agencies
48,Aurobindo Medical Agencies,(0755) 4248852,https://www.medicineindia.org/pharmacy-chemist-drugstore-details/7342/aurobindo-medical-agencies
49,Ayush Chemist,9617858873,https://www.medicineindia.org/pharmacy-chemist-drugstore-details/7108/ayush-chemist
50,Ayush Medical Store,(0755) 2748518,https://www.medicineindia.org/pharmacy-chemist-drugstore-details/7402/ayush-medical-store
51,B.L. Medical,9893412094,https://www.medicineindia.org/pharmacy-chemist-drugstore-details/7418/bl-medical
52,Baba Medical Store,9425393390,https://www.medicineindia.org/pharmacy-chemist-drugstore-details/7258/baba-medical-store
53,Bachhraj Sardarmal Nahar,(0755) 2532703,https://www.medicineindia.org/pharmacy-chemist-drugstore-details/7099/bachhraj-sardarmal-nahar
54,Bajaj Medical Store,(0755) 4203535,https://www.medicineindia.org/pharmacy-chemist-drugstore-details/7114/bajaj-medical-store
55,Balaji Medical Store,(0755) 4293470,https://www.medicineindia.org/pharmacy-chemist-drugstore-details/7246/balaji-medical-store
56,Bardhman Medicals,7879792294,https://www.medicineindia.org/pharmacy-chemist-drugstore-details/7242/bardhman-medicals
57,Beekay Medical Store,(0755) 2556973,https://www.medicineindia.org/pharmacy-chemist-drugstore-details/7354/beekay-medical-store
58,Bhabha Medico,(0755) 2541885,https://www.medicineindia.org/pharmacy-chemist-drugstore-details/7167/bhabha-medico
59,Bharat Medical Store,9827098588,https://www.medicineindia.org/pharmacy-chemist-drugstore-details/7197/bharat-medical-store
60,Bhardwaj Medico,(0755) 2556682,https://www.medicineindia.org/pharmacy-chemist-drugstore-details/7357/bhardwaj-medico
61,Bhargava Medical Store,9425680975,https://www.medicineindia.org/pharmacy-chemist-drugstore-details/7373/bhargava-medical-store
62,Bhawani Medical,(0755) 4925231,https://www.medicineindia.org/pharmacy-chemist-drugstore-details/7347/bhawani-medical
63,Bhawani Medico,(0755) 2561631,https://www.medicineindia.org/pharmacy-chemist-drugstore-details/7341/bhawani-medico
64,Bhawani Mobile,9826197000,https://www.medicineindia.org/pharmacy-chemist-drugstore-details/7338/bhawani-mobile
65,Bhel Medical Stores,(0755) 2686453,https://www.medicineindia.org/pharmacy-chemist-drugstore-details/7379/bhel-medical-stores
66,Bhopal Care Hospital,(0755) 4240749,https://www.medicineindia.org/pharmacy-chemist-drugstore-details/7069/bhopal-care-hospital
67,Bhopal Heart & General Hospital,(0755) 2750055,https://www.medicineindia.org/pharmacy-chemist-drugstore-details/7095/bhopal-heart-general-hospital
68,Bhopal Medical Store,(0755) 4266408,https://www.medicineindia.org/pharmacy-chemist-drugstore-details/7351/bhopal-medical-store
69,Bhumika Medical,(0755) 4251032,https://www.medicineindia.org/pharmacy-chemist-drugstore-details/7241/bhumika-medical
70,Bhumika Medical Store,(0755) 4239671,https://www.medicineindia.org/pharmacy-chemist-drugstore-details/7293/bhumika-medical-store
71,Bio Vet,(0755) 4277993,https://www.medicineindia.org/pharmacy-chemist-drugstore-details/7337/bio-vet
72,Bobby Medical Store,(0755) 4077339,https://www.medicineindia.org/pharmacy-chemist-drugstore-details/7392/bobby-medical-store
73,Burhani Sales,(0755) 4231952,https://www.medicineindia.org/pharmacy-chemist-drugstore-details/7168/burhani-sales
74,C M Medical,(0755) 4265424,https://www.medicineindia.org/pharmacy-chemist-drugstore-details/7110/c-m-medical
75,Capita Medical Store,(0755) 2778608,https://www.medicineindia.org/pharmacy-chemist-drugstore-details/7355/capita-medical-store
76,Cash Medical Store,(0755) 2530571,https://www.medicineindia.org/pharmacy-chemist-drugstore-details/7136/cash-medical-store
77,Cash Surgical Pvt Ltd,9303130535,https://www.medicineindia.org/pharmacy-chemist-drugstore-details/7072/cash-surgical-pvt-ltd
78,Central Chemist,(0755) 2542197,https://www.medicineindia.org/pharmacy-chemist-drugstore-details/7206/central-chemist
79,Central India Marketing And Consultancy,(0755) 4036312,https://www.medicineindia.org/pharmacy-chemist-drugstore-details/7322/central-india-marketing-and-consultancy
80,Central Medico,(0755) 2620391,https://www.medicineindia.org/pharmacy-chemist-drugstore-details/7380/central-medico
81,Chandra Medical,9589489660,https://www.medicineindia.org/pharmacy-chemist-drugstore-details/7419/chandra-medical
82,Chandra Medical Store,(0755) 4244600,https://www.medicineindia.org/pharmacy-chemist-drugstore-details/7416/chandra-medical-store
83,Chaturvedi Medical,(0755) 2494945,https://www.medicineindia.org/pharmacy-chemist-drugstore-details/7318/chaturvedi-medical
84,Chirayu Medico,(0755) 2737406,https://www.medicineindia.org/pharmacy-chemist-drugstore-details/7100/chirayu-medico
85,Chitra Chemist,(0755) 3092759,https://www.medicineindia.org/pharmacy-chemist-drugstore-details/7356/chitra-chemist
86,Chouhan Medical Store,9993646702,https://www.medicineindia.org/pharmacy-chemist-drugstore-details/7327/chouhan-medical-store
87,City Medical Store,9993389758,https://www.medicineindia.org/pharmacy-chemist-drugstore-details/7217/city-medical-store
88,Colony Medical Store,(0755) 2464847,https://www.medicineindia.org/pharmacy-chemist-drugstore-details/7349/colony-medical-store
89,Connexions Medical Store,(0755) 4250097,https://www.medicineindia.org/pharmacy-chemist-drugstore-details/7332/connexions-medical-store
90,Cure Medical Store,(0755) 2724458,https://www.medicineindia.org/pharmacy-chemist-drugstore-details/7257/cure-medical-store
91,DAS Clinic,9827782002,https://www.medicineindia.org/pharmacy-chemist-drugstore-details/7277/das-clinic
92,DR. Reddy Foundation,7879837593,https://www.medicineindia.org/pharmacy-chemist-drugstore-details/7094/dr-reddy-foundation
93,Das Medical Store,9893065544,https://www.medicineindia.org/pharmacy-chemist-drugstore-details/7391/das-medical-store
94,Daze Medical Store,9893057655,https://www.medicineindia.org/pharmacy-chemist-drugstore-details/7221/daze-medical-store
95,Deepak Medicals,(0755) 4294184,https://www.medicineindia.org/pharmacy-chemist-drugstore-details/7140/deepak-medicals
96,Deepak Sales Agencies,(0755) 2745876,https://www.medicineindia.org/pharmacy-chemist-drugstore-details/7247/deepak-sales-agencies
97,Deeva Medical Store,9303102879,https://www.medicineindia.org/pharmacy-chemist-drugstore-details/7381/deeva-medical-store
98,Devi Medical,(0755) 4270287,https://www.medicineindia.org/pharmacy-chemist-drugstore-details/7093/devi-medical
99,Disha Medical Store,9009397525,https://www.medicineindia.org/pharmacy-chemist-drugstore-details/7394/disha-medical-store
100,Drug House,(0755) 2745647,https://www.medicineindia.org/pharmacy-chemist-drugstore-details/7073/drug-house
101,Durga Ayurvedic & Homeo Store,(0755) 4284624,https://www.medicineindia.org/pharmacy-chemist-drugstore-details/7115/durga-ayurvedic-homeo-store
102,Durga Medicine Centre,(0755) 4284662,https://www.medicineindia.org/pharmacy-chemist-drugstore-details/7272/durga-medicine-centre
103,Durga Pharmacy,(0755) 4284664,https://www.medicineindia.org/pharmacy-chemist-drugstore-details/7382/durga-pharmacy
104,Faiz Medical & General Store,7552532840,https://www.medicineindia.org/pharmacy-chemist-drugstore-details/7202/faiz-medical-general-store
105,Faiz Medical Store,9827045768,https://www.medicineindia.org/pharmacy-chemist-drugstore-details/7248/faiz-medical-store
106,Friends Medical & General Stores,(0755) 4270984,https://www.medicineindia.org/pharmacy-chemist-drugstore-details/7169/friends-medical-general-stores
107,Galaxy Medical Store,(0755) 2684136,https://www.medicineindia.org/pharmacy-chemist-drugstore-details/7076/galaxy-medical-store
108,Garg Medical Store,(0755) 2552428,https://www.medicineindia.org/pharmacy-chemist-drugstore-details/7285/garg-medical-store
109,Gayatri Medical,9752338536,https://www.medicineindia.org/pharmacy-chemist-drugstore-details/7223/gayatri-medical
110,Gayatri Medical Store,9871834289,https://www.medicineindia.org/pharmacy-chemist-drugstore-details/7194/gayatri-medical-store
111,Geeta Medical & General Store,9752332705,https://www.medicineindia.org/pharmacy-chemist-drugstore-details/7212/geeta-medical-general-store
112,Goodwill Enterprises,(0755) 2537440,https://www.medicineindia.org/pharmacy-chemist-drugstore-details/7183/goodwill-enterprises
113,Goyal Hussain Aden Wala,(0755) 2711200,https://www.medicineindia.org/pharmacy-chemist-drugstore-details/7170/goyal-hussain-aden-wala
114,Goyal Medical Hall,(0755) 2552312,https://www.medicineindia.org/pharmacy-chemist-drugstore-details/7286/goyal-medical-hall
115,Gufic Bioscience Ltd,(0755) 2585866,https://www.medicineindia.org/pharmacy-chemist-drugstore-details/7149/gufic-bioscience-ltd
116,Gupta Ayurvedic Medical Store,(0755) 2710982,https://www.medicineindia.org/pharmacy-chemist-drugstore-details/7189/gupta-ayurvedic-medical-store
117,Gupta Medical Agency,(0755) 2534031,https://www.medicineindia.org/pharmacy-chemist-drugstore-details/7171/gupta-medical-agency
118,Gupta Medical Store,(0755) 4059392,https://www.medicineindia.org/pharmacy-chemist-drugstore-details/7366/gupta-medical-store
119,Haidery Dawakhana,9826048152,https://www.medicineindia.org/pharmacy-chemist-drugstore-details/7214/haidery-dawakhana
120,Hajela Medical Store,(0755) 2773392,https://www.medicineindia.org/pharmacy-chemist-drugstore-details/7352/hajela-medical-store
121,Hani Medical,9893677168,https://www.medicineindia.org/pharmacy-chemist-drugstore-details/7228/hani-medical
122,Happy Medico,9826392212,https://www.medicineindia.org/pharmacy-chemist-drugstore-details/7249/happy-medico
123,Hari OM Medical Store,(0755) 2644034,https://www.medicineindia.org/pharmacy-chemist-drugstore-details/7417/hari-om-medical-store
124,Hari Traders,(0755) 4247144,https://www.medicineindia.org/pharmacy-chemist-drugstore-details/7190/hari-traders
125,Harikripa Medicals,(0755) 4245293,https://www.medicineindia.org/pharmacy-chemist-drugstore-details/7292/harikripa-medicals
126,Harsh Medical,9827251500,https://www.medicineindia.org/pharmacy-chemist-drugstore-details/7305/harsh-medical
127,Harsiddhi Medical,(0755) 5258676,https://www.medicineindia.org/pharmacy-chemist-drugstore-details/7240/harsiddhi-medical
128,Hemant Medical Store,9893896389,https://www.medicineindia.org/pharmacy-chemist-drugstore-details/7425/hemant-medical-store
129,Him Texas Industries Ltd,(0755) 2600895,https://www.medicineindia.org/pharmacy-chemist-drugstore-details/7329/him-texas-industries-ltd
130,Himesh Enterprises,(0755) 4258523,https://www.medicineindia.org/pharmacy-chemist-drugstore-details/7109/himesh-enterprises
131,Hind Medical,9827044811,https://www.medicineindia.org/pharmacy-chemist-drugstore-details/7220/hind-medical
132,Hitesh Medical Store,9900816345,https://www.medicineindia.org/pharmacy-chemist-drugstore-details/7193/hitesh-medical-store
133,Honey Medical Store,9893677068,https://www.medicineindia.org/pharmacy-chemist-drugstore-details/7107/honey-medical-store
134,Hospital Sales Agencies,(0755) 2745627,https://www.medicineindia.org/pharmacy-chemist-drugstore-details/7129/hospital-sales-agencies
135,Indu General Stores,(0755) 5295296,https://www.medicineindia.org/pharmacy-chemist-drugstore-details/7281/indu-general-stores
136,Ishan Medical Stores,(0755) 2537275,https://www.medicineindia.org/pharmacy-chemist-drugstore-details/7172/ishan-medical-stores
137,J K Medical Store,9406569287,https://www.medicineindia.org/pharmacy-chemist-drugstore-details/7374/j-k-medical-store
138,J K Medico,9589026309,https://www.medicineindia.org/pharmacy-chemist-drugstore-details/7218/j-k-medico
139,JAI Chemist,9827283070,https://www.medicineindia.org/pharmacy-chemist-drugstore-details/7237/jai-chemist
140,JAI Harsh Medical Store,9074142293,https://www.medicineindia.org/pharmacy-chemist-drugstore-details/7235/jai-harsh-medical-store
141,JAI Medical Stores,(0755) 2555936,https://www.medicineindia.org/pharmacy-chemist-drugstore-details/7358/jai-medical-stores
142,JAY Ambey Medical Store,9893368160,https://www.medicineindia.org/pharmacy-chemist-drugstore-details/7397/jay-ambey-medical-store
143,Jai Medical Store,9926770578,https://www.medicineindia.org/pharmacy-chemist-drugstore-details/7222/jai-medical-store
144,Jain Medical,9993836619,https://www.medicineindia.org/pharmacy-chemist-drugstore-details/7304/jain-medical
145,Jain Medicoch,(0755) 2750661,https://www.medicineindia.org/pharmacy-chemist-drugstore-details/7408/jain-medicoch
146,Jamna Medical Stores,(0755) 2768305,https://www.medicineindia.org/pharmacy-chemist-drugstore-details/7359/jamna-medical-stores
147,Jamna Pharmaceuticals,(07480) 2769418,https://www.medicineindia.org/pharmacy-chemist-drugstore-details/7071/jamna-pharmaceuticals
148,Janta Medical store,9981491178,https://www.medicineindia.org/pharmacy-chemist-drugstore-details/82714/janta-medical-store
149,Janta Medico,(0755) 2734927,https://www.medicineindia.org/pharmacy-chemist-drugstore-details/7173/janta-medico
150,Jawahar Medical And Surgical,9893980083,https://www.medicineindia.org/pharmacy-chemist-drugstore-details/7244/jawahar-medical-and-surgical
151,Jeet Medico,(0755) 4299086,https://www.medicineindia.org/pharmacy-chemist-drugstore-details/7245/jeet-medico
152,Jineara Medical Store,(0755) 2537113,https://www.medicineindia.org/pharmacy-chemist-drugstore-details/7191/jineara-medical-store
153,Jyoti Medical Store,(0755) 2765955,https://www.medicineindia.org/pharmacy-chemist-drugstore-details/7271/jyoti-medical-store
154,Kailash Medical Store,(0755) 4255035,https://www.medicineindia.org/pharmacy-chemist-drugstore-details/7196/kailash-medical-store
155,Kailash Medico,(0755) 2565153,https://www.medicineindia.org/pharmacy-chemist-drugstore-details/7082/kailash-medico
156,Kamal Medical Store,(0755) 2463723,https://www.medicineindia.org/pharmacy-chemist-drugstore-details/7091/kamal-medical-store
157,Kamal Medical Store,(0755) 2738437,https://www.medicineindia.org/pharmacy-chemist-drugstore-details/7111/kamal-medical-store
158,Kamal Medical Store,(0755) 2553304,https://www.medicineindia.org/pharmacy-chemist-drugstore-details/7121/kamal-medical-store
159,Kamal Medical Store,(0755) 4247366,https://www.medicineindia.org/pharmacy-chemist-drugstore-details/7386/kamal-medical-store
160,Kamal Pharma,(0755) 4256608,https://www.medicineindia.org/pharmacy-chemist-drugstore-details/7325/kamal-pharma
161,Kashmir General Stores,(0755) 2556116,https://www.medicineindia.org/pharmacy-chemist-drugstore-details/7423/kashmir-general-stores
162,Kasturi Homoeo Shop,(0755) 4272228,https://www.medicineindia.org/pharmacy-chemist-drugstore-details/7316/kasturi-homoeo-shop
163,Kiran Medico,(0755) 4246488,https://www.medicineindia.org/pharmacy-chemist-drugstore-details/7204/kiran-medico
164,Krishna Medical Stores,9826439052,https://www.medicineindia.org/pharmacy-chemist-drugstore-details/7075/krishna-medical-stores
165,Krishna Medicals,(0755) 4252471,https://www.medicineindia.org/pharmacy-chemist-drugstore-details/7259/krishna-medicals
166,Kumar Medical And General Store,(0755) 2543616,https://www.medicineindia.org/pharmacy-chemist-drugstore-details/7130/kumar-medical-and-general-store
167,Lavlee General Store,(0755) 2254416,https://www.medicineindia.org/pharmacy-chemist-drugstore-details/7213/lavlee-general-store
168,Laxmi Aushadhi Centre,(0755) 2551694,https://www.medicineindia.org/pharmacy-chemist-drugstore-details/7070/laxmi-aushadhi-centre
169,Laxmi Medical Store,9827612709,https://www.medicineindia.org/pharmacy-chemist-drugstore-details/7348/laxmi-medical-store
170,Lipika Medical,(0755) 4266292,https://www.medicineindia.org/pharmacy-chemist-drugstore-details/7219/lipika-medical
171,Lucky Medical Store,9792654427,https://www.medicineindia.org/pharmacy-chemist-drugstore-details/7250/lucky-medical-store
172,Lucky Medical Store,9425024836,https://www.medicineindia.org/pharmacy-chemist-drugstore-details/7266/lucky-medical-store
173,M K Medico,9827389852,https://www.medicineindia.org/pharmacy-chemist-drugstore-details/7251/m-k-medico
174,M P Medical Stores,(0755) 2766350,https://www.medicineindia.org/pharmacy-chemist-drugstore-details/7262/m-p-medical-stores
175,M P Pharmaceuticals,(07480) 2565894,https://www.medicineindia.org/pharmacy-chemist-drugstore-details/7126/m-p-pharmaceuticals
176,MAA Kali Medical Store,9752799691,https://www.medicineindia.org/pharmacy-chemist-drugstore-details/7405/maa-kali-medical-store
177,Madhav Medical Store,(0755) 4226510,https://www.medicineindia.org/pharmacy-chemist-drugstore-details/7303/madhav-medical-store
178,Madhu Medical Hall,(0755) 2552618,https://www.medicineindia.org/pharmacy-chemist-drugstore-details/7174/madhu-medical-hall
179,Mahakal Ayurvedic Medical Store,(0755) 4224717,https://www.medicineindia.org/pharmacy-chemist-drugstore-details/7090/mahakal-ayurvedic-medical-store
180,Mahakal Ayurvedic Store,(0755) 5534717,https://www.medicineindia.org/pharmacy-chemist-drugstore-details/7273/mahakal-ayurvedic-store
181,Mahamaya Medical Store,(0755) 4239940,https://www.medicineindia.org/pharmacy-chemist-drugstore-details/7284/mahamaya-medical-store
182,Maheshwari Medical Stores,(0755) 2789469,https://www.medicineindia.org/pharmacy-chemist-drugstore-details/7101/maheshwari-medical-stores
183,Malhotra Medical Store,(0755) 4272468,https://www.medicineindia.org/pharmacy-chemist-drugstore-details/7139/malhotra-medical-store
184,Malra Medical Store,(0755) 2731957,https://www.medicineindia.org/pharmacy-chemist-drugstore-details/7192/malra-medical-store
185,Malwa Drug House,(07480) 2563389,https://www.medicineindia.org/pharmacy-chemist-drugstore-details/7078/malwa-drug-house
186,Manish Medical Store,(0755) 2521155,https://www.medicineindia.org/pharmacy-chemist-drugstore-details/7414/manish-medical-store
187,Manish Medical Store,(0755) 4246731,https://www.medicineindia.org/pharmacy-chemist-drugstore-details/7424/manish-medical-store
188,Max Care Chemists,(0755) 2713975,https://www.medicineindia.org/pharmacy-chemist-drugstore-details/7133/max-care-chemists
189,Medicine Corner,(0755) 4203624,https://www.medicineindia.org/pharmacy-chemist-drugstore-details/7360/medicine-corner
190,Medicine Palace,(0755) 4257976,https://www.medicineindia.org/pharmacy-chemist-drugstore-details/7146/medicine-palace
191,Medicinse Saling,(0755) 3013190,https://www.medicineindia.org/pharmacy-chemist-drugstore-details/7320/medicinse-saling
192,Meena Medical & General Store,(0755) 4784473,https://www.medicineindia.org/pharmacy-chemist-drugstore-details/7077/meena-medical-general-store
193,Meena Medical Store,(0755) 4273484,https://www.medicineindia.org/pharmacy-chemist-drugstore-details/7079/meena-medical-store
194,Meenakshi Chemicals,(07480) 2537014,https://www.medicineindia.org/pharmacy-chemist-drugstore-details/7426/meenakshi-chemicals
195,Meenakshi Store,(0755) 2722964,https://www.medicineindia.org/pharmacy-chemist-drugstore-details/7141/meenakshi-store
196,Megha Medical & Surgical Store,(0755) 2536751,https://www.medicineindia.org/pharmacy-chemist-drugstore-details/7157/megha-medical-surgical-store
197,Modern Agencies,(0755) 2544402,https://www.medicineindia.org/pharmacy-chemist-drugstore-details/7184/modern-agencies
198,Modi Herbals,(0755) 2537526,https://www.medicineindia.org/pharmacy-chemist-drugstore-details/7083/modi-herbals
199,Monika Medical Store,(0755) 2587132,https://www.medicineindia.org/pharmacy-chemist-drugstore-details/7324/monika-medical-store
200,Moolchand Medical Stores,(0755) 2554073,https://www.medicineindia.org/pharmacy-chemist-drugstore-details/7065/moolchand-medical-stores
201,Naaz Medical,9300027255,https://www.medicineindia.org/pharmacy-chemist-drugstore-details/7215/naaz-medical
202,Naman Medicose,(0755) 4220046,https://www.medicineindia.org/pharmacy-chemist-drugstore-details/7122/naman-medicose
203,Namdev Genral Store,9893730231,https://www.medicineindia.org/pharmacy-chemist-drugstore-details/7211/namdev-genral-store
204,Navdeep Medicals Store,9617190683,https://www.medicineindia.org/pharmacy-chemist-drugstore-details/7267/navdeep-medicals-store
205,Neeraj Medical Center,9827272387,https://www.medicineindia.org/pharmacy-chemist-drugstore-details/7274/neeraj-medical-center
206,Neha Medicose,(0755) 4220113,https://www.medicineindia.org/pharmacy-chemist-drugstore-details/7361/neha-medicose
207,Nema Medical Store,9893864679,https://www.medicineindia.org/pharmacy-chemist-drugstore-details/7226/nema-medical-store
208,Nema Pharma Medico,(0755) 4275645,https://www.medicineindia.org/pharmacy-chemist-drugstore-details/7287/nema-pharma-medico
209,New Asharfi Medical Store,(0755) 2737024,https://www.medicineindia.org/pharmacy-chemist-drugstore-details/7238/new-asharfi-medical-store
210,New Ashrafi Medical Store,(0755) 4055483,https://www.medicineindia.org/pharmacy-chemist-drugstore-details/7236/new-ashrafi-medical-store
211,New Life Medical Stores,(0755) 2533795,https://www.medicineindia.org/pharmacy-chemist-drugstore-details/7089/new-life-medical-stores
212,New Life Medicose,(0755) 4223103,https://www.medicineindia.org/pharmacy-chemist-drugstore-details/7085/new-life-medicose
213,New Mata Medical Store,7879183800,https://www.medicineindia.org/pharmacy-chemist-drugstore-details/7388/new-mata-medical-store
214,New Quality Medical Store,9827509876,https://www.medicineindia.org/pharmacy-chemist-drugstore-details/7225/new-quality-medical-store
215,New Raghuwanshi Medical Store,(0755) 4235774,https://www.medicineindia.org/pharmacy-chemist-drugstore-details/7411/new-raghuwanshi-medical-store
216,New Sahara Medical,9301371190,https://www.medicineindia.org/pharmacy-chemist-drugstore-details/7227/new-sahara-medical
217,New Shriji Medicos,(0755) 4077020,https://www.medicineindia.org/pharmacy-chemist-drugstore-details/7378/new-shriji-medicos
218,Nice Homoeo,9826025628,https://www.medicineindia.org/pharmacy-chemist-drugstore-details/7375/nice-homoeo
219,Nirmal Medical,9826398573,https://www.medicineindia.org/pharmacy-chemist-drugstore-details/7233/nirmal-medical
220,O K Gift House,(0755) 2545655,https://www.medicineindia.org/pharmacy-chemist-drugstore-details/7156/o-k-gift-house
221,O.K. Medical Store,(0755) 4242402,https://www.medicineindia.org/pharmacy-chemist-drugstore-details/7106/ok-medical-store
222,OM Medical Store,(0755) 4074323,https://www.medicineindia.org/pharmacy-chemist-drugstore-details/7137/om-medical-store
223,Om Medical,(0755) 2553052,https://www.medicineindia.org/pharmacy-chemist-drugstore-details/7269/om-medical
224,Om Medical,9424413255,https://www.medicineindia.org/pharmacy-chemist-drugstore-details/7275/om-medical
225,Om Medical,(0755) 4075143,https://www.medicineindia.org/pharmacy-chemist-drugstore-details/7297/om-medical
226,Om Medical Agency,(0755) 2532171,https://www.medicineindia.org/pharmacy-chemist-drugstore-details/7185/om-medical-agency
227,Om Medical Store,(0755) 4293418,https://www.medicineindia.org/pharmacy-chemist-drugstore-details/7296/om-medical-store
228,Om Medical Stores,9303136336,https://www.medicineindia.org/pharmacy-chemist-drugstore-details/7175/om-medical-stores
229,Om Medicos,9575351484,https://www.medicineindia.org/pharmacy-chemist-drugstore-details/7265/om-medicos
230,Parmeshwar Medical,9893164805,https://www.medicineindia.org/pharmacy-chemist-drugstore-details/7230/parmeshwar-medical
231,Patel Pharma,(0755) 3091594,https://www.medicineindia.org/pharmacy-chemist-drugstore-details/7176/patel-pharma
232,Patidar Medical Store,(0755) 4294640,https://www.medicineindia.org/pharmacy-chemist-drugstore-details/7087/patidar-medical-store
233,Patidar Medical Store,(0755) 24294640,https://www.medicineindia.org/pharmacy-chemist-drugstore-details/7113/patidar-medical-store
234,Patidar Medical Store,(0755) 4276055,https://www.medicineindia.org/pharmacy-chemist-drugstore-details/7282/patidar-medical-store
235,Pharma Medico,9826027708,https://www.medicineindia.org/pharmacy-chemist-drugstore-details/7132/pharma-medico
236,Pharma Medico,(0755) 425414,https://www.medicineindia.org/pharmacy-chemist-drugstore-details/7400/pharma-medico
237,Pooja Medical,9826180434,https://www.medicineindia.org/pharmacy-chemist-drugstore-details/7300/pooja-medical
238,Pooja Medico,(0755) 2532289,https://www.medicineindia.org/pharmacy-chemist-drugstore-details/7177/pooja-medico
239,Poonam Medical Store,(0755) 2734208,https://www.medicineindia.org/pharmacy-chemist-drugstore-details/7188/poonam-medical-store
240,Pratik Medical Agencies,(0755) 2744719,https://www.medicineindia.org/pharmacy-chemist-drugstore-details/7178/pratik-medical-agencies
241,Preeti Medical Store,9770058405,https://www.medicineindia.org/pharmacy-chemist-drugstore-details/7401/preeti-medical-store
242,Prem Medical Store,(0755) 4224546,https://www.medicineindia.org/pharmacy-chemist-drugstore-details/7256/prem-medical-store
243,Premium Marketing,(0755) 2553624,https://www.medicineindia.org/pharmacy-chemist-drugstore-details/7314/premium-marketing
244,R K Medical Store,(0755) 4266559,https://www.medicineindia.org/pharmacy-chemist-drugstore-details/7383/r-k-medical-store
245,RAI Medical Store,(0755) 2753790,https://www.medicineindia.org/pharmacy-chemist-drugstore-details/7290/rai-medical-store
246,RIA Madical Store,9200989301,https://www.medicineindia.org/pharmacy-chemist-drugstore-details/7201/ria-madical-store
247,Rachit Enterprises,9826322805,https://www.medicineindia.org/pharmacy-chemist-drugstore-details/7308/rachit-enterprises
248,Rahat Medical Store,9425025544,https://www.medicineindia.org/pharmacy-chemist-drugstore-details/7199/rahat-medical-store
249,Rainbow Medical & General Store,7554278545,https://www.medicineindia.org/pharmacy-chemist-drugstore-details/7289/rainbow-medical-general-store
250,Rais Medicine,9893429806,https://www.medicineindia.org/pharmacy-chemist-drugstore-details/7209/rais-medicine
251,Raj Chemist,(0755) 4055766,https://www.medicineindia.org/pharmacy-chemist-drugstore-details/7319/raj-chemist
252,Raj Chemist & Druggists,(0755) 4055766,https://www.medicineindia.org/pharmacy-chemist-drugstore-details/7343/raj-chemist-druggists
253,Raj Medical Agencies,(0755) 2744487,https://www.medicineindia.org/pharmacy-chemist-drugstore-details/7102/raj-medical-agencies
254,Raj Medical Store,(0755) 2744728,https://www.medicineindia.org/pharmacy-chemist-drugstore-details/7080/raj-medical-store
255,Raj Traders,(0755) 4075652,https://www.medicineindia.org/pharmacy-chemist-drugstore-details/7112/raj-traders
256,Rajshree General & Medical,9827280408,https://www.medicineindia.org/pharmacy-chemist-drugstore-details/7229/rajshree-general-medical
257,Rama Medico,9893322354,https://www.medicineindia.org/pharmacy-chemist-drugstore-details/7263/rama-medico
258,Ramesh Medical Stores,(0755) 2532391,https://www.medicineindia.org/pharmacy-chemist-drugstore-details/7362/ramesh-medical-stores
259,Red Cross Medical Store,9302979820,https://www.medicineindia.org/pharmacy-chemist-drugstore-details/7074/red-cross-medical-store
260,Regent Medical Store,,https://www.medicineindia.org/pharmacy-chemist-drugstore-details/7313/regent-medical-store
261,Relief Medico,(0755) 4235502,https://www.medicineindia.org/pharmacy-chemist-drugstore-details/7376/relief-medico
262,Rishi Medical Stores,(0755) 2465580,https://www.medicineindia.org/pharmacy-chemist-drugstore-details/7326/rishi-medical-stores
263,Rollmax India,(0755) 4276867,https://www.medicineindia.org/pharmacy-chemist-drugstore-details/7340/rollmax-india
264,Royal Medical Store,(0755) 2546288,https://www.medicineindia.org/pharmacy-chemist-drugstore-details/7105/royal-medical-store
265,Rusiya Medico,9827730119,https://www.medicineindia.org/pharmacy-chemist-drugstore-details/7429/rusiya-medico
266,SAI Baba General Store,(0755) 2524119,https://www.medicineindia.org/pharmacy-chemist-drugstore-details/7422/sai-baba-general-store
267,Sachanand Raja Medical Store,(0755) 2689571,https://www.medicineindia.org/pharmacy-chemist-drugstore-details/7407/sachanand-raja-medical-store
268,Sadna Chemist,(0755) 2464933,https://www.medicineindia.org/pharmacy-chemist-drugstore-details/7339/sadna-chemist
269,Sahara Drug Store,8989110052,https://www.medicineindia.org/pharmacy-chemist-drugstore-details/7232/sahara-drug-store
270,Saket Medical,(07562) 226218,https://www.medicineindia.org/pharmacy-chemist-drugstore-details/7428/saket-medical
271,Samaiya Medical Store,9826088499,https://www.medicineindia.org/pharmacy-chemist-drugstore-details/7334/samaiya-medical-store
272,Saman Medical Store,9993399986,https://www.medicineindia.org/pharmacy-chemist-drugstore-details/7311/saman-medical-store
273,Sankalp Medical,9584851980,https://www.medicineindia.org/pharmacy-chemist-drugstore-details/7224/sankalp-medical
274,Sanskriti Ayurved Medical Store,9926318857,https://www.medicineindia.org/pharmacy-chemist-drugstore-details/7393/sanskriti-ayurved-medical-store
275,Sanyasi Pharmacy,(0755) 4254644,https://www.medicineindia.org/pharmacy-chemist-drugstore-details/7116/sanyasi-pharmacy
276,Sapit Sharma,9993505899,https://www.medicineindia.org/pharmacy-chemist-drugstore-details/7203/sapit-sharma
277,Sara Medico,9827059659,https://www.medicineindia.org/pharmacy-chemist-drugstore-details/7134/sara-medico
278,Saraf Medical Store,(0755) 2600520,https://www.medicineindia.org/pharmacy-chemist-drugstore-details/7328/saraf-medical-store
279,Saroj Homeo Pharmacy,9669889719,https://www.medicineindia.org/pharmacy-chemist-drugstore-details/7216/saroj-homeo-pharmacy
280,Satya SAI Medical Stores,9893037820,https://www.medicineindia.org/pharmacy-chemist-drugstore-details/7260/satya-sai-medical-stores
281,Say Bur Enterprises,(0755) 2745898,https://www.medicineindia.org/pharmacy-chemist-drugstore-details/7421/say-bur-enterprises
282,Seema Medicose,(0755) 2543956,https://www.medicineindia.org/pharmacy-chemist-drugstore-details/7138/seema-medicose
283,Service Medical,(0755) 2536369,https://www.medicineindia.org/pharmacy-chemist-drugstore-details/7152/service-medical
284,Shankar Medical Store,(0755) 4278192,https://www.medicineindia.org/pharmacy-chemist-drugstore-details/7350/shankar-medical-store
285,Shanti Medical Agencies,(0755) 2738310,https://www.medicineindia.org/pharmacy-chemist-drugstore-details/7145/shanti-medical-agencies
286,Shariq Medical Store,8103587037,https://www.medicineindia.org/pharmacy-chemist-drugstore-details/7346/shariq-medical-store
287,Sharma medical agency,8871294010,https://www.medicineindia.org/pharmacy-chemist-drugstore-details/82588/sharma-medical-agency
288,Shiv Medical Store,(0755) 4244444,https://www.medicineindia.org/pharmacy-chemist-drugstore-details/7396/shiv-medical-store
289,Shiv Medicine & Surgical,(0755) 2534583,https://www.medicineindia.org/pharmacy-chemist-drugstore-details/7158/shiv-medicine-surgical
290,Shiv Shakti Medical Store,9993723423,https://www.medicineindia.org/pharmacy-chemist-drugstore-details/7404/shiv-shakti-medical-store
291,Shiva Pharmaceuticals,(0755) 4274454,https://www.medicineindia.org/pharmacy-chemist-drugstore-details/7096/shiva-pharmaceuticals
292,Shivam Medical & Surgical Store,9827509684,https://www.medicineindia.org/pharmacy-chemist-drugstore-details/7283/shivam-medical-surgical-store
293,Shivam Medical Store,(0755) 2721257,https://www.medicineindia.org/pharmacy-chemist-drugstore-details/7120/shivam-medical-store
294,Shivam Medicos,(0755) 4224077,https://www.medicineindia.org/pharmacy-chemist-drugstore-details/7150/shivam-medicos
295,Shivani Medico,(0755) 4240379,https://www.medicineindia.org/pharmacy-chemist-drugstore-details/7252/shivani-medico
296,Shobha Medical Store,(0755) 4295849,https://www.medicineindia.org/pharmacy-chemist-drugstore-details/7335/shobha-medical-store
297,Shraddha Medical Store,9425045235,https://www.medicineindia.org/pharmacy-chemist-drugstore-details/7312/shraddha-medical-store
298,Shraddha Medical Stores,9826064129,https://www.medicineindia.org/pharmacy-chemist-drugstore-details/7363/shraddha-medical-stores
299,Shree Enterprise,(0755) 4247238,https://www.medicineindia.org/pharmacy-chemist-drugstore-details/7151/shree-enterprise
300,Shree Kailash Ayurvedic Stores,(0755) 2550773,https://www.medicineindia.org/pharmacy-chemist-drugstore-details/7124/shree-kailash-ayurvedic-stores
301,Shree Krishna Medical Store,(0755) 4233088,https://www.medicineindia.org/pharmacy-chemist-drugstore-details/7307/shree-krishna-medical-store
302,Shree Laxmi Medical Store,(0755) 2553975,https://www.medicineindia.org/pharmacy-chemist-drugstore-details/7288/shree-laxmi-medical-store
303,Shree Medical Store,(0755) 4293969,https://www.medicineindia.org/pharmacy-chemist-drugstore-details/7323/shree-medical-store
304,Shree Medico,9993006590,https://www.medicineindia.org/pharmacy-chemist-drugstore-details/7412/shree-medico
305,Shree Raghuwanshi Medical Store,(0755) 4270546,https://www.medicineindia.org/pharmacy-chemist-drugstore-details/7413/shree-raghuwanshi-medical-store
306,Shree Sant Medical Store,9981596972,https://www.medicineindia.org/pharmacy-chemist-drugstore-details/7420/shree-sant-medical-store
307,Shree Sharma Ayurvedic Aushadh Bhandar,(0755) 2683079,https://www.medicineindia.org/pharmacy-chemist-drugstore-details/7399/shree-sharma-ayurvedic-aushadh-bhandar
308,Shree Taran Medicals,9893274609,https://www.medicineindia.org/pharmacy-chemist-drugstore-details/7253/shree-taran-medicals
309,Shree Zone,9329293801,https://www.medicineindia.org/pharmacy-chemist-drugstore-details/7406/shree-zone
310,Shree sai medical store,8602717626,https://www.medicineindia.org/pharmacy-chemist-drugstore-details/82165/shree-sai-medical-store
311,Shri Arihant Medical,9993959466,https://www.medicineindia.org/pharmacy-chemist-drugstore-details/7234/shri-arihant-medical
312,Shri Bajaj Medical Store,9893064854,https://www.medicineindia.org/pharmacy-chemist-drugstore-details/7302/shri-bajaj-medical-store
313,Shri Dass Medical Store,(0755) 2544167,https://www.medicineindia.org/pharmacy-chemist-drugstore-details/7103/shri-dass-medical-store
314,Shri Medico,9179316528,https://www.medicineindia.org/pharmacy-chemist-drugstore-details/7403/shri-medico
315,Shri Ram Medical Store,(0755) 4262194,https://www.medicineindia.org/pharmacy-chemist-drugstore-details/7306/shri-ram-medical-store
316,Shri SAI Medical Store,9074021209,https://www.medicineindia.org/pharmacy-chemist-drugstore-details/7395/shri-sai-medical-store
317,Shri Sant Medical Store,(0755) 2665231,https://www.medicineindia.org/pharmacy-chemist-drugstore-details/7415/shri-sant-medical-store
318,Shriram Aushadhi Bhandar,9229623299,https://www.medicineindia.org/pharmacy-chemist-drugstore-details/7309/shriram-aushadhi-bhandar
319,Shruti Medical Store,9893094715,https://www.medicineindia.org/pharmacy-chemist-drugstore-details/7200/shruti-medical-store
320,Shubham Chemist,(0755) 4230466,https://www.medicineindia.org/pharmacy-chemist-drugstore-details/7264/shubham-chemist
321,Shubham Medical,(0755) 2757108,https://www.medicineindia.org/pharmacy-chemist-drugstore-details/7143/shubham-medical
322,Shyama Medical Store,9303678861,https://www.medicineindia.org/pharmacy-chemist-drugstore-details/7301/shyama-medical-store
323,Singh Medical Store,9827437776,https://www.medicineindia.org/pharmacy-chemist-drugstore-details/7390/singh-medical-store
324,Solemn Biotech,(0755) 4291268,https://www.medicineindia.org/pharmacy-chemist-drugstore-details/7118/solemn-biotech
325,Sona Medico,(0755) 2547672,https://www.medicineindia.org/pharmacy-chemist-drugstore-details/7179/sona-medico
326,Sonal Medical Store,(0755) 4291815,https://www.medicineindia.org/pharmacy-chemist-drugstore-details/7410/sonal-medical-store
327,Subham Medical,9893507330,https://www.medicineindia.org/pharmacy-chemist-drugstore-details/7270/subham-medical
328,Sudhir Chemist,(0755) 4221665,https://www.medicineindia.org/pharmacy-chemist-drugstore-details/7364/sudhir-chemist
329,Suman Medical,(0755) 5280833,https://www.medicineindia.org/pharmacy-chemist-drugstore-details/7154/suman-medical
330,Suman Medical,(0755) 4280833,https://www.medicineindia.org/pharmacy-chemist-drugstore-details/7180/suman-medical
331,Sun Medicose,(0755) 2711239,https://www.medicineindia.org/pharmacy-chemist-drugstore-details/7280/sun-medicose
332,Sunil Medical Store,(0755) 2749081,https://www.medicineindia.org/pharmacy-chemist-drugstore-details/7119/sunil-medical-store
333,Sunil Traders,(0755) 4255996,https://www.medicineindia.org/pharmacy-chemist-drugstore-details/7135/sunil-traders
334,Sunil Traders,(0755) 5255996,https://www.medicineindia.org/pharmacy-chemist-drugstore-details/7155/sunil-traders
335,Super Medico,(0755) 2730503,https://www.medicineindia.org/pharmacy-chemist-drugstore-details/7239/super-medico
336,Super Medicose,(0755) 2730601,https://www.medicineindia.org/pharmacy-chemist-drugstore-details/7207/super-medicose
337,Suresh Medical Store,9617978486,https://www.medicineindia.org/pharmacy-chemist-drugstore-details/7208/suresh-medical-store
338,Surya Chemists,(0755) 4288126,https://www.medicineindia.org/pharmacy-chemist-drugstore-details/7254/surya-chemists
339,Surya New Life Center,(0755) 4374015,https://www.medicineindia.org/pharmacy-chemist-drugstore-details/7153/surya-new-life-center
340,Swastik Medical Store,(0755) 4243543,https://www.medicineindia.org/pharmacy-chemist-drugstore-details/7409/swastik-medical-store
341,Taran Medico,(0755) 2741565,https://www.medicineindia.org/pharmacy-chemist-drugstore-details/7104/taran-medico
342,Taran Pharma,9993569609,https://www.medicineindia.org/pharmacy-chemist-drugstore-details/7291/taran-pharma
343,Tarndeep Medicals,(0755) 4222017,https://www.medicineindia.org/pharmacy-chemist-drugstore-details/7377/tarndeep-medicals
344,Tarun Medical Store,(0755) 4248172,https://www.medicineindia.org/pharmacy-chemist-drugstore-details/7330/tarun-medical-store
345,Tejaswani Herbs & Herbal Products,(0755) 2460951,https://www.medicineindia.org/pharmacy-chemist-drugstore-details/7333/tejaswani-herbs-herbal-products
346,Tirupati Feed & Pharma,(0755) 4272154,https://www.medicineindia.org/pharmacy-chemist-drugstore-details/7315/tirupati-feed-pharma
347,Tison Medicines,9303136057,https://www.medicineindia.org/pharmacy-chemist-drugstore-details/7181/tison-medicines
348,Tiwari Medical Store,(0755) 4221828,https://www.medicineindia.org/pharmacy-chemist-drugstore-details/7142/tiwari-medical-store
349,Tomar Pharma,(0755) 4240425,https://www.medicineindia.org/pharmacy-chemist-drugstore-details/7186/tomar-pharma
350,Uday Medical Store,9755029942,https://www.medicineindia.org/pharmacy-chemist-drugstore-details/7387/uday-medical-store
351,Ujjawal Medical,9752807771,https://www.medicineindia.org/pharmacy-chemist-drugstore-details/7231/ujjawal-medical
352,Unique Medical Store,9993023635,https://www.medicineindia.org/pharmacy-chemist-drugstore-details/7279/unique-medical-store
353,Utkars Medical Store's,(0755) 4261351,https://www.medicineindia.org/pharmacy-chemist-drugstore-details/7389/utkars-medical-stores
354,Uttam Medical Store,(0755) 2612699,https://www.medicineindia.org/pharmacy-chemist-drugstore-details/7384/uttam-medical-store
355,Vaishnavi Medical Store,9074697772,https://www.medicineindia.org/pharmacy-chemist-drugstore-details/7331/vaishnavi-medical-store
356,Vansh Pharmacy,07723851505,https://www.medicineindia.org/pharmacy-chemist-drugstore-details/81782/vansh-pharmacy
357,Vardan Medico,(0755) 2765639,https://www.medicineindia.org/pharmacy-chemist-drugstore-details/7268/vardan-medico
358,Vardhman Medico,(0755) 5222345,https://www.medicineindia.org/pharmacy-chemist-drugstore-details/7092/vardhman-medico
359,Vidip Medicos,(0755) 4248920,https://www.medicineindia.org/pharmacy-chemist-drugstore-details/7344/vidip-medicos
360,Vikas Medical,9827352188,https://www.medicineindia.org/pharmacy-chemist-drugstore-details/7367/vikas-medical
361,Vinay Medical Store,(0755) 2467741,https://www.medicineindia.org/pharmacy-chemist-drugstore-details/7345/vinay-medical-store
362,Vishal Medical Store,(0755) 4034569,https://www.medicineindia.org/pharmacy-chemist-drugstore-details/7336/vishal-medical-store
363,Wagadre Medical Stores,(0755) 4262596,https://www.medicineindia.org/pharmacy-chemist-drugstore-details/7187/wagadre-medical-stores
364,Yadav Chemist,(0755) 2779963,https://www.medicineindia.org/pharmacy-chemist-drugstore-details/7123/yadav-chemist
365,Yash Medical Store,(0755) 4231375,https://www.medicineindia.org/pharmacy-chemist-drugstore-details/7370/yash-medical-store
366,Yogesh Medicals,(0755) 2745321,https://www.medicineindia.org/pharmacy-chemist-drugstore-details/7182/yogesh-medicals
367,shiv medical store,(0755) 4290183,https://www.medicineindia.org/pharmacy-chemist-drugstore-details/7066/shiv-medical-store
